nim,ipk_semester_1,ipk_semester_2,ipk_semester_3,ipk_semester_4,ipk_semester_5,ipk_semester_6,ipk_semester_7,ipk_semester_8,kehadiran_basis_data,kehadiran_pemrograman_web,kehadiran_kalkulus,kehadiran_matematika_diskrit,kehadiran_machine_learning,basis_data_ulang,pemrograman_web_ulang,kalkulus_ulang,matematika_diskrit_ulang,machine_learning_ulang,frekuensi_login_lms,waktu_akses_materi,partisipasi_forum,status_pekerjaan,jam_kerja_per_minggu,penghasilan_orang_tua,jumlah_tanggungan_keluarga,beasiswa,status_do
G1A018001,2.75,3.4,2.37,3.04,2.52,3.66,3.35,2.57,82.9,84.0,75.7,80.7,85.9,1,1,1,0,2,28,6.9,22,paruh_waktu,45,19585069,6,ya,0
G1A018002,3.9,3.07,3.08,2.96,2.49,3.53,3.59,3.61,92.2,80.5,78.9,62.0,66.9,2,1,2,2,0,21,19.9,7,full_time,4,16158830,6,ya,0
G1A018003,3.46,2.62,3.75,2.05,3.81,3.15,2.5,3.99,90.4,71.5,94.2,69.3,94.9,0,1,2,0,2,26,15.4,23,tidak_bekerja,57,10311487,3,tidak,0
G1A018004,3.2,3.63,3.46,2.68,2.5,3.91,3.25,2.06,66.2,60.3,73.6,79.7,84.5,2,1,1,2,1,9,15.2,13,paruh_waktu,59,15244799,2,tidak,0
G1A018005,2.31,3.37,3.61,2.76,2.54,2.4,3.14,3.79,66.0,79.8,94.8,72.4,66.3,1,1,2,2,0,15,19.1,5,tidak_bekerja,23,15262957,3,tidak,1
G1A018006,2.31,2.33,3.32,2.8,3.52,2.22,3.67,3.25,70.7,71.4,63.5,67.3,98.5,2,1,1,1,0,41,17.8,9,paruh_waktu,39,7513766,4,ya,0
G1A018007,2.12,3.82,3.38,3.16,2.9,3.71,3.81,3.95,74.4,89.4,91.1,80.2,80.7,0,0,0,1,2,41,6.4,7,tidak_bekerja,56,11985104,5,tidak,0
G1A018008,3.73,3.65,3.7,3.07,3.55,2.88,2.02,2.93,76.3,61.0,93.9,72.9,62.9,2,0,0,0,0,50,3.3,16,tidak_bekerja,25,11137641,2,tidak,0
G1A018009,3.2,3.9,2.5,3.22,2.13,3.69,3.35,3.69,87.2,83.4,67.3,70.3,85.1,2,1,1,2,2,9,14.9,24,full_time,5,3993518,6,tidak,1
G1A018010,3.42,3.45,2.98,3.53,2.98,3.79,2.1,2.12,62.3,97.7,77.2,78.6,70.1,0,0,1,2,1,5,7.6,11,tidak_bekerja,15,6993265,3,tidak,0
G1A018011,2.04,3.23,2.44,3.63,2.07,2.12,3.1,2.67,61.4,67.0,66.6,65.3,92.1,0,2,1,0,0,48,9.5,16,paruh_waktu,59,2057980,6,tidak,1
G1A018012,3.94,2.84,3.98,3.44,2.13,3.77,2.58,2.13,75.7,78.9,88.3,97.1,92.7,2,0,1,0,2,4,12.6,12,tidak_bekerja,35,3032479,2,ya,0
G1A018013,3.66,3.87,3.89,3.91,3.81,2.9,2.61,3.95,87.9,63.7,81.4,94.7,99.2,2,1,0,0,0,57,18.2,18,tidak_bekerja,11,1896881,6,ya,1
G1A018014,2.42,3.73,2.08,2.04,2.28,3.02,2.71,3.63,67.7,85.0,85.4,88.3,80.1,1,1,2,1,2,5,8.4,11,tidak_bekerja,10,19377764,3,ya,0
G1A018015,2.36,2.09,3.41,2.39,3.06,3.25,3.24,3.71,85.7,82.0,67.9,64.2,78.2,0,0,2,0,2,58,15.7,15,tidak_bekerja,2,2641455,3,tidak,0
G1A018016,2.37,2.05,3.85,2.02,2.82,3.85,2.67,3.88,70.4,76.3,68.5,91.0,90.1,2,1,0,0,2,55,5.4,24,paruh_waktu,43,5927386,1,tidak,0
G1A018017,2.61,2.75,2.36,3.29,2.69,2.04,3.47,2.17,95.4,80.9,61.7,92.3,65.3,0,2,2,2,1,58,14.0,4,tidak_bekerja,36,1264826,6,tidak,0
G1A018018,3.05,3.62,3.14,3.8,3.8,2.95,2.81,2.77,95.8,95.9,72.9,90.7,81.9,1,2,0,0,0,46,0.0,24,paruh_waktu,5,16839826,1,tidak,0
G1A018019,2.86,3.97,3.83,2.49,2.04,3.38,2.14,2.14,71.9,67.9,82.4,64.6,81.8,2,1,2,2,1,24,17.4,15,paruh_waktu,18,4691848,1,tidak,0
G1A018020,2.58,2.3,2.07,3.85,3.33,3.45,3.57,2.42,69.2,60.9,94.3,85.8,63.6,2,2,1,2,2,58,0.6,24,paruh_waktu,17,8881317,6,ya,0
G1A018021,3.22,3.19,3.39,2.12,3.93,3.39,2.57,2.46,76.5,94.5,86.7,93.4,76.7,2,2,1,1,2,50,14.3,5,tidak_bekerja,15,14928272,2,ya,0
G1A018022,2.28,2.76,2.59,3.87,3.12,2.27,2.87,2.94,69.6,83.1,77.4,83.1,94.1,0,0,1,0,1,49,0.9,10,full_time,22,6712978,4,tidak,0
G1A018023,2.58,3.94,3.85,2.7,3.87,2.6,3.37,2.54,86.9,95.6,98.1,85.9,94.2,1,2,0,0,1,3,5.3,16,tidak_bekerja,42,8190063,3,tidak,0
G1A018024,2.73,3.68,3.94,2.2,2.1,2.72,2.66,2.2,93.0,83.9,88.8,78.3,64.0,0,0,0,2,0,39,9.9,22,tidak_bekerja,36,15007882,5,tidak,0
G1A018025,2.91,3.68,3.89,2.97,2.84,3.61,2.11,2.33,86.9,92.4,97.2,81.1,63.6,2,1,2,1,2,58,8.4,13,tidak_bekerja,8,2645589,1,tidak,0
G1A018026,3.57,2.94,2.95,2.51,2.52,2.56,2.75,2.29,93.0,77.2,81.1,61.4,70.5,1,0,2,1,1,47,3.8,5,tidak_bekerja,2,11613891,2,ya,0
G1A018027,2.4,2.83,3.72,2.57,3.46,2.42,3.89,3.95,75.9,90.0,70.4,85.6,95.0,2,1,2,0,2,31,6.7,24,tidak_bekerja,7,18871312,6,tidak,0
G1A018028,3.03,2.55,3.69,2.61,3.96,3.91,3.28,3.52,66.3,96.5,62.1,63.3,65.2,2,1,0,2,2,55,14.6,22,paruh_waktu,37,4931041,2,tidak,0
G1A018029,3.18,2.11,2.64,3.61,2.51,2.02,3.34,3.94,89.5,82.9,89.0,77.4,88.8,0,1,2,0,0,50,13.4,10,tidak_bekerja,3,14784330,2,ya,0
G1A018030,2.09,3.73,3.66,3.08,3.31,4.0,3.26,2.88,74.4,67.2,64.9,71.7,64.0,2,1,1,0,0,51,1.4,11,tidak_bekerja,11,12906167,6,tidak,0
G1A018031,3.22,3.63,2.07,2.62,2.4,3.35,2.4,2.56,86.9,70.8,72.1,81.8,84.9,1,1,2,0,0,34,14.9,12,paruh_waktu,43,11303069,5,tidak,0
G1A018032,2.34,4.0,3.19,3.22,3.13,3.66,2.84,3.6,70.8,67.9,81.3,65.3,74.2,2,0,1,0,1,9,1.1,3,tidak_bekerja,30,11936713,6,ya,0
G1A018033,2.13,3.99,2.46,3.43,2.93,2.59,3.5,2.65,63.2,69.9,82.6,87.7,91.6,2,1,0,2,2,33,10.9,6,tidak_bekerja,24,14117447,5,tidak,1
G1A018034,3.9,3.11,2.24,2.55,3.94,2.03,2.2,2.6,99.7,72.3,84.0,91.8,69.3,0,2,1,1,1,35,5.2,1,tidak_bekerja,52,2763655,6,tidak,0
G1A018035,3.93,3.54,2.15,2.83,3.22,3.48,2.56,2.47,66.2,82.2,66.7,66.5,85.6,1,2,1,0,1,5,11.8,5,paruh_waktu,15,19253686,1,tidak,0
G1A018036,3.62,3.89,3.39,2.24,2.7,3.67,2.55,2.26,99.5,83.5,75.2,64.2,69.4,0,1,1,0,0,42,5.2,5,tidak_bekerja,41,8332129,5,tidak,0
G1A018037,2.61,3.7,2.68,2.36,2.23,3.48,2.86,2.51,99.1,77.1,84.7,65.8,88.5,2,2,0,0,2,45,19.7,17,tidak_bekerja,53,14063930,1,tidak,0
G1A018038,2.2,2.49,3.45,3.36,2.3,2.29,3.96,2.71,91.8,84.6,98.8,95.1,94.9,0,0,0,0,2,15,6.2,19,tidak_bekerja,13,16935998,5,tidak,0
G1A018039,3.37,2.9,2.13,2.36,2.45,3.51,2.14,3.35,86.4,63.3,89.1,81.1,65.1,0,0,0,1,0,58,4.8,7,paruh_waktu,12,10324118,5,ya,0
G1A018040,2.88,2.26,2.63,3.05,2.5,3.54,3.04,2.13,83.1,63.5,96.9,78.7,94.7,0,1,0,1,2,52,5.6,7,paruh_waktu,40,6389003,6,tidak,1
G1A018041,2.24,3.91,3.08,3.42,3.7,3.32,2.36,2.42,94.6,66.9,90.5,64.3,83.7,0,1,2,1,0,18,17.9,7,paruh_waktu,6,2542549,5,tidak,1
G1A018042,2.99,3.21,3.58,2.21,3.12,3.53,3.94,3.62,71.6,80.7,83.7,86.0,65.1,2,1,0,1,1,33,12.7,7,tidak_bekerja,11,3132720,1,tidak,0
G1A018043,2.07,2.46,2.64,3.13,3.05,3.69,2.23,2.29,78.7,68.6,67.7,94.7,77.1,2,2,1,0,1,24,14.6,0,tidak_bekerja,36,13165951,6,tidak,0
G1A018044,3.82,3.34,3.25,2.51,2.23,3.23,2.81,2.69,84.8,71.3,86.7,93.1,66.4,1,2,0,2,0,30,18.4,1,tidak_bekerja,49,13861408,3,tidak,0
G1A018045,2.52,3.24,3.77,3.93,3.72,2.18,3.48,3.73,76.4,76.0,84.9,85.0,88.0,0,0,2,1,1,48,18.2,11,tidak_bekerja,3,5453595,1,ya,0
G1A018046,3.33,2.72,3.23,2.97,3.45,2.98,3.41,2.31,77.1,92.5,84.1,63.0,90.4,0,2,2,1,1,40,14.8,14,tidak_bekerja,1,13986474,3,tidak,1
G1A018047,2.62,2.23,2.47,3.61,2.14,2.16,2.85,2.17,73.2,60.6,79.6,64.5,64.2,1,0,2,0,0,16,4.0,3,tidak_bekerja,34,11541664,2,tidak,0
G1A018048,3.04,3.34,2.05,3.1,3.42,2.82,2.69,2.97,82.6,86.0,81.1,62.0,80.2,0,2,1,0,1,46,16.9,24,tidak_bekerja,57,19757331,6,ya,0
G1A018049,3.09,3.04,3.74,2.09,3.09,2.81,2.8,2.6,94.0,86.8,73.4,70.3,92.6,1,0,0,0,2,29,4.1,2,paruh_waktu,43,1908573,2,tidak,0
G1A018050,2.37,3.54,2.04,3.27,2.16,2.13,2.53,3.13,68.1,91.9,80.8,65.4,97.4,2,1,0,0,1,38,14.9,13,tidak_bekerja,2,16469349,6,ya,0
G1A018051,3.94,3.04,3.75,3.9,2.92,2.7,2.41,3.61,97.4,97.3,67.9,70.4,80.5,1,2,0,2,0,53,13.7,21,paruh_waktu,3,1346300,6,tidak,1
G1A018052,3.55,3.7,3.06,3.2,2.97,2.22,2.97,2.27,87.6,60.8,92.2,75.4,98.0,0,0,1,2,2,54,15.2,22,tidak_bekerja,37,5460624,1,tidak,0
G1A018053,3.88,3.1,3.88,3.64,2.33,3.62,2.54,3.16,92.9,66.2,67.4,97.7,81.4,1,2,1,1,2,30,10.7,7,tidak_bekerja,11,1624747,3,ya,0
G1A018054,3.79,3.12,3.6,3.77,3.89,3.9,2.57,3.01,82.2,95.4,63.4,84.4,75.8,2,1,2,2,1,18,12.8,12,tidak_bekerja,18,17147776,6,tidak,0
G1A018055,3.2,3.75,4.0,2.46,3.7,2.14,3.31,2.29,91.2,78.3,77.4,93.4,93.9,0,0,2,1,2,34,19.1,22,tidak_bekerja,9,12672237,3,tidak,1
G1A018056,3.84,2.81,2.7,2.42,3.34,3.91,3.94,3.25,60.6,82.6,86.3,88.4,79.7,2,2,0,1,0,28,2.0,18,tidak_bekerja,0,15803289,6,tidak,0
G1A018057,2.18,2.27,3.53,3.22,2.92,3.05,3.21,2.55,92.7,86.5,77.5,64.5,78.9,2,2,1,2,2,58,6.2,21,tidak_bekerja,16,3318890,3,ya,1
G1A018058,2.39,2.06,2.8,2.82,2.82,2.6,2.15,2.98,61.6,87.2,71.1,89.4,79.6,1,1,1,1,1,0,12.2,4,full_time,15,10293498,2,ya,0
G1A018059,2.09,3.51,2.96,3.68,3.3,2.15,2.15,2.16,95.6,97.3,82.3,71.0,93.9,2,1,0,0,1,3,19.3,12,paruh_waktu,8,3575228,1,tidak,1
G1A018060,2.65,3.24,3.26,3.8,3.09,3.0,3.9,2.92,99.7,99.9,73.9,85.6,93.3,0,0,0,1,2,27,1.9,19,tidak_bekerja,56,5050338,6,tidak,0
G1A018061,2.78,3.41,3.75,2.71,2.12,3.59,2.59,2.61,71.8,88.8,97.3,73.6,76.1,2,2,2,0,0,17,0.5,0,paruh_waktu,52,9631334,4,tidak,0
G1A018062,2.54,2.43,3.97,2.47,3.03,3.41,2.18,3.64,68.4,71.5,96.9,99.9,73.3,2,2,2,2,0,25,1.1,15,paruh_waktu,8,10109810,3,tidak,0
G1A018063,3.66,2.27,3.54,3.56,3.61,2.1,3.2,2.11,90.6,95.2,80.1,70.5,79.7,1,1,2,2,1,39,1.0,22,paruh_waktu,58,4574787,3,tidak,0
G1A018064,2.71,2.03,2.84,2.55,2.92,2.15,3.25,2.84,70.1,62.0,73.1,71.2,82.9,2,1,0,1,1,18,18.2,23,paruh_waktu,54,10094776,4,tidak,0
G1A018065,2.56,2.7,2.84,3.65,2.1,2.81,3.3,2.92,94.6,69.2,89.5,97.2,69.5,1,0,0,0,0,54,14.4,1,tidak_bekerja,8,9854604,1,tidak,1
G1A018066,3.09,3.18,3.48,2.85,3.57,2.59,2.53,3.45,64.1,95.9,61.5,61.0,91.8,1,2,2,1,2,54,13.5,6,tidak_bekerja,11,19176178,3,tidak,0
G1A018067,2.28,2.78,2.48,3.34,2.4,2.46,2.03,3.15,65.0,70.2,79.0,87.9,79.5,0,2,2,2,2,59,10.5,5,tidak_bekerja,54,16451876,1,tidak,0
G1A018068,3.6,2.87,2.22,2.19,2.52,2.56,3.93,3.33,99.2,68.8,73.5,89.0,73.4,0,0,1,1,2,56,15.6,4,tidak_bekerja,40,19120979,3,tidak,0
G1A018069,2.15,3.81,2.71,3.25,2.33,3.61,2.5,3.55,87.0,65.5,96.8,93.5,64.3,0,0,1,1,2,5,3.1,3,tidak_bekerja,14,7427799,5,tidak,0
G1A018070,3.97,2.7,2.57,2.9,2.66,3.86,3.35,3.72,93.9,94.4,60.5,99.0,69.6,0,1,2,0,0,0,7.8,1,tidak_bekerja,1,18636515,3,tidak,1
G1A018071,3.54,3.03,2.59,3.17,3.51,2.81,3.41,2.63,73.0,80.0,82.1,99.0,98.0,1,1,2,2,1,7,9.8,9,full_time,10,3436385,5,ya,0
G1A018072,2.4,3.57,2.47,2.34,3.04,3.81,3.22,3.08,87.1,87.0,89.6,62.6,72.2,2,0,1,1,1,32,2.2,21,full_time,10,10927276,6,tidak,1
G1A018073,2.01,2.79,2.08,3.47,2.41,2.64,2.63,3.68,83.8,69.6,79.4,92.9,66.8,0,0,2,0,2,50,8.4,4,paruh_waktu,7,1979581,1,tidak,1
G1A018074,3.63,3.24,2.04,3.73,3.76,2.95,2.54,3.98,84.1,90.3,63.4,85.9,78.4,0,2,1,1,0,42,6.3,17,paruh_waktu,54,8530223,3,tidak,0
G1A018075,3.41,3.72,3.98,2.43,3.76,2.45,3.2,3.78,87.3,90.4,98.9,85.9,72.3,0,0,1,0,0,20,0.7,9,full_time,31,4812661,2,tidak,0
G1A018076,3.46,3.9,2.86,2.19,3.74,3.28,3.73,2.74,83.0,72.5,80.7,65.1,61.4,2,0,1,0,2,23,2.7,22,tidak_bekerja,5,15308257,2,ya,1
G1A018077,3.54,2.29,2.77,2.05,2.48,3.96,3.89,2.39,77.2,76.4,84.6,86.0,72.9,0,2,0,1,2,24,15.3,21,tidak_bekerja,52,3969554,4,tidak,0
G1A018078,2.15,3.85,3.36,3.28,2.9,3.21,2.21,2.98,71.0,68.4,69.5,99.3,81.8,2,0,0,2,2,46,0.4,14,tidak_bekerja,19,19112400,2,tidak,0
G1A018079,2.72,2.98,2.44,3.21,3.97,2.72,2.31,3.48,90.7,99.1,79.3,96.5,82.1,1,1,2,2,1,54,18.7,8,paruh_waktu,38,2484632,5,tidak,0
G1A018080,2.23,2.52,3.9,3.09,3.54,3.3,3.89,2.99,69.1,85.8,77.2,77.6,74.3,1,1,1,0,2,56,1.7,10,tidak_bekerja,34,6160593,2,tidak,0
G1A018081,3.73,2.92,3.57,2.46,2.05,2.25,3.47,2.97,87.7,97.4,63.0,61.6,77.9,1,2,0,2,1,42,16.0,20,paruh_waktu,7,19370742,2,tidak,0
G1A018082,3.25,3.96,2.18,2.78,2.13,3.78,3.77,3.68,69.3,72.1,64.2,74.5,98.6,2,0,2,0,0,18,18.0,24,tidak_bekerja,49,15598215,2,tidak,0
G1A018083,2.66,2.99,2.84,3.19,2.93,3.01,2.41,2.72,85.0,91.3,93.5,93.1,75.1,0,1,2,2,0,28,18.8,24,tidak_bekerja,48,5662543,3,tidak,0
G1A018084,2.13,2.66,3.76,2.99,3.82,2.9,3.18,3.72,89.9,90.6,69.6,88.1,70.3,0,1,2,1,1,52,17.3,16,paruh_waktu,42,7535893,4,ya,1
G1A018085,2.62,3.27,3.89,3.98,3.08,3.17,3.4,2.81,68.7,87.7,67.8,78.4,69.7,0,1,2,2,1,9,5.8,20,tidak_bekerja,33,11198483,1,tidak,0
G1A018086,2.65,2.48,2.93,2.27,3.0,3.25,3.36,2.66,62.4,98.6,80.2,62.2,78.3,0,1,2,0,1,55,6.7,8,tidak_bekerja,56,10255180,4,tidak,0
G1A018087,3.46,2.15,3.23,3.39,2.21,2.14,2.82,2.91,65.2,75.7,90.7,77.1,90.4,0,0,1,0,1,11,8.5,22,tidak_bekerja,52,4097619,5,tidak,0
G1A018088,3.28,2.26,2.33,2.81,3.31,3.37,2.03,3.52,84.2,65.2,62.5,78.8,68.2,2,0,2,2,2,32,2.8,15,tidak_bekerja,58,16362625,3,tidak,0
G1A018089,3.77,2.26,3.98,2.86,3.64,2.48,3.17,2.25,94.0,86.9,83.1,97.1,88.4,1,0,1,1,0,55,0.4,5,paruh_waktu,55,7097890,6,ya,0
G1A018090,2.94,2.3,2.46,3.44,2.76,3.43,2.51,2.39,61.8,89.2,64.8,85.6,60.8,0,0,0,0,2,6,17.4,21,tidak_bekerja,18,15730030,3,tidak,0
G1A018091,2.24,2.28,3.89,3.38,3.55,3.65,2.9,3.9,89.4,83.0,61.5,72.5,76.8,1,1,2,0,1,16,11.1,10,tidak_bekerja,6,12525284,2,ya,0
G1A018092,3.43,3.28,3.3,3.98,3.93,3.61,3.92,2.35,73.7,68.3,62.1,81.0,91.0,2,2,0,0,2,57,12.2,22,tidak_bekerja,30,12944245,2,tidak,0
G1A018093,3.52,2.36,3.22,2.26,2.41,3.11,2.8,3.14,79.1,80.2,93.4,62.6,73.5,2,2,1,0,2,59,18.5,16,paruh_waktu,17,4480069,5,ya,0
G1A018094,3.12,2.69,3.03,2.21,3.05,3.04,3.68,3.16,97.2,72.5,64.7,98.9,82.5,0,1,1,0,0,9,13.3,3,tidak_bekerja,39,5575363,6,tidak,1
G1A018095,3.54,3.79,2.46,3.45,2.57,2.29,2.38,2.98,73.3,77.1,61.8,74.4,68.2,2,1,0,1,2,30,13.8,14,paruh_waktu,13,18197810,3,tidak,0
G1A018096,2.99,2.95,2.35,3.16,3.59,3.55,3.34,3.29,78.6,85.8,77.5,79.1,89.7,1,2,2,2,0,59,15.7,0,paruh_waktu,38,4000758,6,tidak,1
G1A018097,3.05,3.34,2.44,2.55,3.16,2.54,3.95,2.46,60.5,89.8,93.8,74.2,62.1,0,2,2,1,1,5,2.3,21,tidak_bekerja,59,1929441,1,ya,1
G1A018098,2.86,2.34,2.37,2.16,3.27,2.99,2.2,3.11,63.3,69.3,70.5,87.3,94.1,0,1,0,1,2,16,7.2,19,paruh_waktu,52,1702726,4,tidak,0
G1A018099,2.05,2.38,3.56,2.17,3.6,2.57,2.02,2.74,70.3,76.2,76.9,86.5,67.9,1,1,0,0,1,49,19.4,0,paruh_waktu,59,10247362,3,tidak,0
G1A018100,2.22,2.08,2.7,3.79,2.79,2.27,2.87,3.32,61.1,70.8,61.6,88.6,95.0,0,0,0,1,0,36,18.5,8,tidak_bekerja,58,7131630,6,tidak,0
G1A019001,2.06,2.34,2.12,2.38,3.83,3.26,2.19,2.28,85.3,67.9,78.0,70.7,74.1,0,0,2,0,1,17,17.7,11,tidak_bekerja,35,9297696,1,tidak,1
G1A019002,3.27,2.56,3.94,2.65,3.07,2.11,3.5,3.14,77.1,91.3,83.1,72.6,88.9,1,2,2,1,1,25,9.0,3,full_time,16,12055361,1,tidak,0
G1A019003,2.63,2.35,3.77,2.45,2.32,3.5,3.83,2.37,81.9,96.4,82.8,65.0,72.8,0,1,2,0,0,48,17.1,21,paruh_waktu,36,11720489,4,tidak,0
G1A019004,3.02,2.18,3.86,2.71,3.39,2.64,2.87,2.56,67.0,74.8,73.3,86.2,96.2,0,2,0,0,1,53,1.0,12,tidak_bekerja,43,10726360,1,tidak,0
G1A019005,3.82,2.24,3.99,2.14,3.59,2.0,2.52,2.44,71.8,90.1,72.6,61.6,65.1,1,0,2,1,1,15,3.0,6,tidak_bekerja,8,19310971,5,ya,0
G1A019006,2.5,2.92,2.35,3.04,2.63,3.02,2.87,2.37,86.6,95.9,64.3,83.9,67.1,2,0,1,1,1,7,8.3,7,paruh_waktu,57,2041431,1,tidak,0
G1A019007,2.82,2.41,2.79,2.14,3.71,2.09,3.45,3.65,98.6,93.8,74.7,94.8,79.7,1,2,0,2,2,23,9.7,12,paruh_waktu,19,6600350,6,tidak,0
G1A019008,3.51,2.73,3.52,3.6,3.81,2.55,2.02,2.57,62.0,67.3,64.0,95.6,63.3,0,0,2,2,1,12,5.3,10,paruh_waktu,44,4494029,5,ya,0
G1A019009,2.46,3.01,3.39,2.47,2.55,3.41,3.18,3.85,95.6,98.3,90.7,78.0,67.8,1,1,0,2,0,28,7.1,8,tidak_bekerja,56,9830645,1,tidak,0
G1A019010,2.15,3.38,2.31,3.08,3.97,2.13,3.23,3.94,83.1,75.1,98.7,78.4,97.8,0,2,1,1,2,31,3.3,24,paruh_waktu,27,13611277,2,tidak,0
G1A019011,2.58,2.08,3.63,3.76,2.28,3.68,3.28,3.14,82.6,73.6,98.8,63.1,99.1,0,1,1,1,2,23,9.8,23,tidak_bekerja,49,6518213,1,tidak,0
G1A019012,2.32,3.6,2.45,3.3,2.4,2.01,2.48,2.29,80.0,62.5,94.6,86.8,75.1,1,1,0,0,0,15,15.9,15,tidak_bekerja,19,4677264,5,tidak,0
G1A019013,3.86,3.26,2.45,3.07,2.37,2.49,3.43,2.75,62.8,79.4,84.0,92.9,96.9,0,0,0,2,1,10,13.2,9,paruh_waktu,40,12538705,1,ya,0
G1A019014,3.62,2.16,3.07,2.65,3.79,3.48,2.18,3.6,63.6,64.4,88.0,69.8,81.8,2,1,1,0,2,31,2.2,10,full_time,35,3554131,1,tidak,1
G1A019015,3.27,3.75,3.19,2.67,3.31,2.63,2.4,2.73,84.0,69.9,71.4,76.9,70.8,0,2,0,0,2,5,9.8,11,tidak_bekerja,52,2884624,1,tidak,1
G1A019016,3.74,3.84,3.16,3.34,2.3,2.2,3.75,2.17,73.6,72.7,85.2,93.6,88.1,1,1,1,0,2,58,14.0,13,tidak_bekerja,26,8787727,5,ya,0
G1A019017,3.61,2.12,2.18,3.99,2.88,2.72,3.48,3.11,96.7,92.4,78.2,95.1,86.4,2,1,1,0,1,34,10.6,18,paruh_waktu,7,11851623,1,tidak,0
G1A019018,2.37,2.55,3.75,3.32,3.23,2.54,2.03,3.69,76.3,95.0,79.3,69.7,99.6,2,1,2,2,2,32,7.8,11,tidak_bekerja,31,19383135,4,ya,0
G1A019019,3.79,3.61,2.53,3.12,2.17,3.69,2.5,3.59,65.7,72.1,90.3,82.0,70.6,0,1,0,0,0,17,12.4,17,paruh_waktu,0,11445675,6,tidak,0
G1A019020,3.08,3.5,2.26,3.46,3.76,2.63,2.43,2.35,88.6,94.3,71.3,67.7,86.9,1,1,0,1,1,36,19.4,20,paruh_waktu,16,15010312,4,tidak,0
G1A019021,3.61,2.37,3.78,2.93,3.61,3.58,2.54,3.35,71.7,94.3,72.7,64.1,62.1,0,0,2,1,0,12,1.9,16,tidak_bekerja,56,9658202,5,tidak,0
G1A019022,3.79,2.42,3.91,2.12,3.01,3.78,2.5,2.44,81.0,90.6,97.0,96.4,64.5,0,2,1,1,0,9,7.8,2,full_time,8,1050272,2,ya,0
G1A019023,2.64,2.74,3.72,3.12,3.93,2.87,2.13,2.44,87.9,65.9,62.2,92.8,60.2,1,0,0,2,2,36,8.1,0,paruh_waktu,19,10442494,4,ya,0
G1A019024,2.22,2.97,3.62,3.92,2.84,3.82,2.92,3.75,96.0,87.6,79.4,90.4,100.0,1,2,2,0,2,25,11.5,18,paruh_waktu,44,14663305,6,ya,0
G1A019025,2.46,3.24,3.31,2.35,3.97,2.75,3.47,2.5,91.7,97.8,96.5,62.0,92.1,0,2,2,2,2,45,3.0,3,paruh_waktu,31,9874768,3,ya,0
G1A019026,2.85,2.74,3.1,3.38,3.34,3.93,3.21,2.53,87.1,87.3,84.4,93.7,91.5,2,2,0,0,0,16,3.5,22,paruh_waktu,1,14556195,6,tidak,0
G1A019027,3.64,2.93,2.17,2.4,3.27,2.18,3.35,2.0,87.2,73.3,81.9,77.5,80.4,0,2,2,2,1,0,5.7,15,tidak_bekerja,31,18517392,4,tidak,0
G1A019028,3.72,3.49,2.82,3.07,2.33,3.37,2.16,3.74,97.8,80.0,70.0,73.7,72.0,2,2,1,2,2,24,19.1,11,tidak_bekerja,44,5276945,3,tidak,0
G1A019029,2.01,2.07,2.75,2.19,3.76,2.99,3.9,3.59,71.8,85.8,73.7,81.9,66.1,0,1,2,0,2,33,14.7,20,paruh_waktu,8,15370931,5,tidak,1
G1A019030,3.02,2.5,2.52,2.9,2.85,2.78,3.68,3.25,60.0,80.4,94.1,63.7,71.4,1,0,1,2,0,38,13.2,20,tidak_bekerja,29,2588321,6,tidak,0
G1A019031,2.83,3.43,3.45,3.51,2.32,3.27,3.61,3.5,70.9,64.8,82.4,90.3,75.0,2,0,1,0,1,9,16.3,12,tidak_bekerja,19,19916679,2,tidak,1
G1A019032,2.44,3.79,2.99,2.7,2.03,3.41,3.65,2.3,68.7,72.5,80.6,83.3,90.3,1,1,0,1,0,19,2.6,16,paruh_waktu,37,8491990,3,tidak,0
G1A019033,2.24,3.02,2.16,3.33,3.12,2.01,3.87,2.92,86.5,92.1,64.0,67.5,81.6,1,2,2,1,2,6,17.2,7,paruh_waktu,59,8810360,3,tidak,0
G1A019034,2.68,3.06,2.44,3.59,3.05,2.33,3.09,2.7,85.3,94.5,60.6,67.5,63.1,1,0,1,1,0,55,11.9,12,tidak_bekerja,0,2492669,6,tidak,0
G1A019035,3.89,2.21,3.37,3.85,3.44,3.43,2.4,2.19,83.7,65.5,98.5,67.4,60.7,1,1,1,2,2,15,6.7,19,paruh_waktu,59,17551253,4,tidak,0
G1A019036,2.65,2.89,2.15,2.47,3.78,3.33,3.23,2.97,60.6,98.1,75.1,62.3,64.1,1,1,2,1,1,36,16.3,4,paruh_waktu,56,15549939,3,ya,0
G1A019037,3.04,3.07,3.7,2.8,2.16,3.93,3.49,3.84,89.2,73.2,84.1,83.5,76.4,0,0,1,0,0,28,16.1,17,tidak_bekerja,4,11878998,5,ya,0
G1A019038,3.41,2.48,2.99,2.3,3.46,3.52,3.48,2.08,72.9,86.5,63.2,93.6,97.3,2,0,2,1,2,59,16.9,14,paruh_waktu,34,18564776,6,tidak,0
G1A019039,2.73,2.54,2.96,3.98,2.37,3.9,3.04,2.58,86.6,90.1,87.3,60.7,85.5,0,2,0,1,2,11,2.3,11,tidak_bekerja,35,15235298,5,ya,0
G1A019040,3.94,2.75,3.18,3.85,3.72,3.41,2.14,2.42,82.3,92.5,97.3,62.0,92.1,0,2,1,2,2,16,19.4,16,tidak_bekerja,0,3146081,6,tidak,0
G1A019041,3.92,2.04,3.65,3.08,3.64,2.6,2.74,2.48,73.7,97.8,83.0,82.9,78.7,0,0,1,0,2,47,19.2,24,tidak_bekerja,13,16286048,5,tidak,0
G1A019042,2.5,2.64,2.7,3.68,3.08,2.21,3.84,3.82,65.4,72.5,65.0,92.8,74.5,1,2,2,2,0,19,7.1,14,tidak_bekerja,8,7668845,4,ya,0
G1A019043,2.99,2.42,3.36,3.04,3.42,3.56,3.17,2.94,63.8,94.3,83.3,73.1,64.3,0,1,2,2,2,25,1.3,1,tidak_bekerja,29,6862316,6,ya,1
G1A019044,2.6,2.65,3.13,3.25,2.63,3.29,3.08,2.93,93.3,65.3,90.7,74.0,95.0,2,2,2,0,0,47,3.3,5,paruh_waktu,23,16488221,2,tidak,0
G1A019045,2.57,2.24,2.53,2.18,2.94,2.1,2.54,3.52,96.7,88.2,76.3,83.9,91.3,0,2,2,2,2,18,19.9,16,paruh_waktu,3,6577558,4,tidak,0
G1A019046,2.07,3.78,3.76,3.51,3.64,2.72,2.74,2.31,86.0,89.7,95.2,71.0,66.7,1,1,1,0,0,57,11.3,15,tidak_bekerja,49,4447822,5,tidak,0
G1A019047,3.22,3.19,3.59,2.26,2.92,3.91,3.79,2.97,64.1,87.1,85.9,61.1,80.5,2,2,0,1,0,46,7.1,16,paruh_waktu,13,1083576,6,tidak,0
G1A019048,3.01,3.36,3.32,3.65,2.72,3.0,3.33,2.86,76.1,70.1,96.0,89.4,79.5,2,1,0,0,2,11,5.8,24,tidak_bekerja,24,3117709,4,tidak,0
G1A019049,2.1,3.58,3.7,3.56,2.99,2.87,3.57,3.19,89.2,94.9,84.9,85.0,85.0,2,2,0,0,2,20,5.1,19,tidak_bekerja,3,12031873,5,tidak,1
G1A019050,2.56,3.0,3.73,3.42,3.66,2.92,2.91,4.0,91.2,66.8,65.3,83.2,97.8,2,0,0,0,2,41,13.3,8,paruh_waktu,24,5174865,1,ya,0
G1A019051,3.82,2.17,3.42,2.07,2.67,2.42,3.26,3.54,64.7,62.1,72.4,89.7,83.2,0,2,2,2,2,57,8.4,4,tidak_bekerja,9,14820357,1,tidak,1
G1A019052,2.48,3.07,3.67,2.61,2.35,2.74,2.5,2.8,60.0,88.7,68.1,87.0,81.6,1,0,1,0,1,53,19.3,22,tidak_bekerja,34,9011194,3,ya,0
G1A019053,2.29,3.17,3.39,2.53,3.42,2.74,3.41,3.66,88.5,79.0,96.4,68.2,62.0,2,0,1,0,2,33,13.7,0,paruh_waktu,54,2977247,2,tidak,0
G1A019054,2.98,3.49,3.36,2.72,3.65,2.1,2.86,2.34,74.3,94.0,90.4,74.1,62.5,2,0,1,0,2,6,15.8,5,tidak_bekerja,6,19392487,1,tidak,0
G1A019055,3.97,2.86,3.24,2.18,2.2,3.54,2.89,2.06,70.2,75.3,87.1,65.0,67.5,1,0,2,1,2,44,5.9,23,paruh_waktu,41,12654619,5,tidak,0
G1A019056,2.48,2.26,3.51,3.87,2.48,2.83,3.3,2.41,60.5,66.7,72.0,65.2,61.3,0,0,1,0,0,34,1.6,13,tidak_bekerja,12,15305743,4,tidak,0
G1A019057,3.34,2.57,2.32,3.11,2.28,3.64,3.87,2.68,81.6,93.5,67.4,87.0,89.7,2,1,2,2,2,14,9.8,16,tidak_bekerja,3,1178982,6,tidak,0
G1A019058,3.52,2.73,3.76,2.61,2.7,3.7,2.13,3.02,94.0,82.0,90.3,94.3,88.9,0,1,1,0,0,0,6.3,24,tidak_bekerja,49,13451797,4,tidak,0
G1A019059,2.48,3.29,3.74,2.79,2.9,2.42,3.65,3.23,98.3,67.6,79.0,98.5,65.4,0,1,0,0,0,25,4.0,18,tidak_bekerja,42,12406718,3,ya,1
G1A019060,3.46,3.14,2.06,2.89,3.5,3.31,2.58,3.82,82.6,88.8,69.0,85.1,93.4,0,0,2,1,0,34,19.1,0,tidak_bekerja,56,8981806,4,tidak,0
G1A019061,2.74,2.71,3.65,3.2,3.3,2.94,2.89,3.02,80.6,80.4,84.7,67.4,66.2,0,2,1,0,0,24,8.9,0,tidak_bekerja,35,4494412,1,tidak,1
G1A019062,3.26,3.97,2.26,3.03,3.24,3.76,2.04,3.0,63.4,84.2,61.6,64.2,72.0,2,1,0,2,1,41,3.5,12,paruh_waktu,55,4640503,4,ya,0
G1A019063,3.27,3.21,2.67,3.84,2.7,2.43,2.6,2.1,82.0,78.4,73.0,92.5,70.0,2,2,0,0,2,58,4.0,13,full_time,13,6981377,1,tidak,0
G1A019064,3.07,2.47,3.49,2.99,3.68,3.36,3.01,2.07,75.2,93.1,78.7,83.2,74.9,0,2,0,2,0,58,5.6,5,tidak_bekerja,17,14026765,1,ya,1
G1A019065,2.18,2.2,2.32,3.98,2.94,3.22,2.11,3.1,84.3,93.2,65.9,84.7,70.2,0,0,2,1,2,14,20.0,5,tidak_bekerja,7,10215003,2,ya,1
G1A019066,3.67,2.31,3.64,3.7,3.96,2.59,2.98,2.88,75.5,88.4,99.4,91.3,79.6,1,0,2,0,0,21,5.4,0,tidak_bekerja,31,6643846,3,ya,0
G1A019067,2.64,2.49,3.66,2.42,3.27,2.27,3.85,3.68,69.6,64.2,68.4,88.1,76.3,1,0,1,1,1,58,6.6,13,full_time,26,12285878,5,tidak,0
G1A019068,2.37,2.32,3.01,3.86,2.25,3.3,2.21,2.32,63.8,93.6,65.2,93.4,99.5,1,1,0,0,0,5,13.2,2,full_time,41,2672675,1,tidak,0
G1A019069,2.08,2.37,2.01,2.23,3.35,3.48,3.53,2.05,72.6,86.8,68.1,62.2,62.2,2,0,1,2,2,51,5.9,22,tidak_bekerja,36,9897515,6,tidak,0
G1A019070,3.18,2.57,2.57,3.63,2.65,2.63,2.82,2.9,63.9,87.9,90.8,89.9,65.7,1,1,1,1,2,14,4.3,9,paruh_waktu,22,1932280,3,tidak,0
G1A019071,3.36,2.35,3.23,2.76,3.37,3.29,3.31,2.47,67.1,74.5,77.0,94.0,62.1,2,1,0,0,1,23,3.2,18,tidak_bekerja,6,9766365,5,tidak,0
G1A019072,2.03,3.79,3.96,3.76,2.14,2.79,2.52,2.1,99.5,95.2,82.6,71.4,85.0,2,1,1,2,2,20,6.3,18,tidak_bekerja,11,3809939,6,tidak,1
G1A019073,3.02,2.16,3.26,3.74,2.35,3.43,2.32,3.45,77.8,89.0,60.8,85.6,62.2,2,1,2,1,2,6,2.1,18,tidak_bekerja,24,12595422,4,ya,1
G1A019074,2.45,3.05,2.52,3.61,3.71,2.4,2.32,2.22,81.3,64.5,61.4,72.6,93.5,2,0,1,0,0,56,0.4,22,tidak_bekerja,2,12789830,3,tidak,0
G1A019075,3.29,2.82,3.27,3.58,2.45,3.78,2.14,3.22,94.9,76.3,77.8,98.3,80.5,1,1,0,1,2,28,16.1,3,tidak_bekerja,25,3606041,6,ya,0
G1A019076,2.35,3.96,3.08,2.61,3.67,2.57,2.37,2.56,99.8,95.5,92.7,61.3,81.1,0,0,2,0,0,31,2.8,19,tidak_bekerja,3,3375093,3,tidak,1
G1A019077,3.38,2.22,3.56,2.16,2.56,2.74,3.33,2.35,83.3,61.9,95.4,83.2,82.5,0,0,2,2,1,31,15.5,18,paruh_waktu,41,5165767,3,ya,0
G1A019078,2.77,2.8,2.21,2.81,3.29,2.12,3.76,2.76,92.5,98.5,63.5,66.7,66.8,0,1,1,2,2,52,16.0,9,tidak_bekerja,35,12801782,4,tidak,0
G1A019079,3.87,3.94,3.52,2.35,3.39,2.22,3.63,3.6,73.1,87.2,81.5,88.5,67.9,1,0,1,1,0,58,10.8,24,tidak_bekerja,14,3553540,4,ya,0
G1A019080,2.28,3.73,3.08,3.39,3.03,3.03,3.37,2.78,72.2,85.3,96.5,67.0,72.8,0,2,2,1,2,4,6.2,1,tidak_bekerja,31,13714892,3,ya,0
G1A019081,2.68,3.63,3.93,2.69,2.61,2.54,2.22,3.5,76.1,70.8,75.5,69.4,83.7,1,0,1,0,0,3,2.9,3,tidak_bekerja,28,4619603,6,tidak,1
G1A019082,2.23,2.52,2.68,3.95,2.43,3.67,2.58,2.25,86.9,70.0,93.2,79.8,68.4,1,0,0,2,1,21,14.7,23,tidak_bekerja,9,15956447,2,tidak,0
G1A019083,3.85,2.34,3.27,3.28,2.07,2.03,2.62,3.55,87.3,97.7,65.3,96.6,64.7,1,1,1,0,0,17,12.0,5,tidak_bekerja,20,12490235,1,tidak,0
G1A019084,3.75,3.34,3.86,3.64,2.61,2.76,2.5,2.47,72.6,71.9,97.4,68.5,98.8,0,1,1,2,2,34,13.1,6,tidak_bekerja,53,16698458,4,tidak,0
G1A019085,2.52,3.86,2.21,2.27,3.31,2.67,3.03,3.35,65.3,91.0,90.1,65.8,60.9,0,0,2,1,0,16,0.2,15,tidak_bekerja,15,14673591,2,tidak,1
G1A019086,3.32,3.11,3.87,3.72,3.88,2.04,3.07,3.13,85.3,75.7,97.7,90.4,92.1,0,1,1,0,2,49,18.6,6,tidak_bekerja,46,6719347,4,tidak,1
G1A019087,3.63,3.14,3.38,3.85,3.74,2.25,2.71,3.86,65.1,65.6,87.1,80.0,91.5,2,2,1,0,1,49,1.3,17,tidak_bekerja,18,4234499,3,tidak,0
G1A019088,3.11,2.56,2.14,2.97,3.53,2.83,2.71,2.77,83.1,60.4,74.5,96.5,71.9,1,2,1,2,0,55,7.3,19,paruh_waktu,28,16854868,2,tidak,0
G1A019089,3.06,3.54,2.6,3.21,3.58,2.99,3.66,2.13,87.7,81.8,97.5,65.9,65.4,2,1,0,2,2,23,8.1,21,paruh_waktu,51,4975220,6,tidak,0
G1A019090,2.48,2.37,3.42,3.53,3.33,2.81,3.58,2.04,88.0,99.0,71.0,85.8,65.8,1,0,1,2,2,1,0.0,18,tidak_bekerja,50,11352047,6,tidak,0
G1A019091,2.19,2.65,2.13,2.35,2.52,3.06,2.62,3.65,90.1,74.8,73.3,69.3,87.9,0,2,0,1,2,12,9.9,8,tidak_bekerja,17,13853716,5,tidak,0
G1A019092,3.79,2.85,3.16,3.01,3.81,3.19,3.83,3.05,94.9,74.3,88.0,66.3,85.7,1,2,0,0,0,53,15.1,19,tidak_bekerja,57,11969851,1,ya,0
G1A019093,3.8,3.02,2.69,2.8,3.34,2.02,3.91,3.55,80.0,73.8,90.6,87.3,91.3,1,0,0,2,0,14,16.5,9,tidak_bekerja,43,13723600,1,ya,0
G1A019094,3.27,2.48,3.24,2.29,3.12,2.93,2.65,2.47,89.2,80.8,97.2,83.7,97.5,2,1,0,1,0,4,17.6,12,tidak_bekerja,56,10616994,4,tidak,0
G1A019095,2.68,2.23,2.09,2.74,2.22,3.93,2.71,2.69,84.8,77.6,68.2,90.2,87.7,1,2,2,2,1,2,9.8,17,tidak_bekerja,15,5473391,1,tidak,0
G1A019096,2.7,3.22,3.74,2.14,2.89,3.04,3.01,2.06,67.5,95.2,91.9,72.4,66.2,0,0,0,0,2,36,12.6,15,tidak_bekerja,0,14672213,5,ya,1
G1A019097,3.45,2.58,3.95,2.05,2.92,3.36,3.88,3.92,61.0,80.2,89.5,77.9,69.7,1,0,1,2,2,36,1.6,21,full_time,47,7074746,6,tidak,0
G1A019098,3.79,3.16,3.94,2.27,3.73,2.62,3.75,3.34,71.4,80.3,62.6,76.2,93.7,1,2,0,0,1,36,9.8,16,tidak_bekerja,1,11309367,2,tidak,0
G1A019099,3.77,2.31,3.5,3.93,3.09,3.55,2.21,3.87,77.7,65.5,75.5,99.4,68.4,1,1,1,1,1,2,3.1,21,tidak_bekerja,55,3631550,2,ya,1
G1A019100,3.56,2.96,2.26,3.1,2.76,3.55,2.79,2.53,84.7,99.3,71.3,71.7,62.9,2,2,0,1,0,34,7.4,12,tidak_bekerja,14,11984624,6,tidak,0
G1A020001,3.28,3.07,3.52,3.93,3.95,3.04,3.11,3.22,94.0,70.0,72.2,71.8,88.1,1,0,2,2,0,51,6.6,11,full_time,38,19830387,3,tidak,0
G1A020002,2.17,2.1,2.05,2.86,2.22,3.95,3.01,3.36,67.8,62.9,99.3,74.2,76.1,1,2,0,0,0,22,8.5,9,paruh_waktu,27,4487104,6,tidak,0
G1A020003,2.32,2.67,2.04,2.62,2.85,2.25,2.39,2.64,65.0,86.5,85.7,82.6,96.8,2,1,0,0,0,59,11.4,0,tidak_bekerja,0,1709441,2,tidak,0
G1A020004,3.8,2.27,2.65,3.01,2.08,2.03,3.72,3.7,98.5,83.8,88.7,70.1,86.0,2,0,2,0,0,27,18.1,7,paruh_waktu,4,4852312,4,tidak,0
G1A020005,3.21,2.13,2.98,2.88,3.48,3.54,3.35,3.89,64.3,76.6,99.1,96.6,63.6,2,1,0,2,0,59,7.9,20,tidak_bekerja,41,15021057,5,tidak,0
G1A020006,2.02,3.98,3.54,2.21,3.84,3.61,3.68,3.77,79.1,76.9,75.1,70.6,97.9,2,2,1,0,1,29,19.6,21,paruh_waktu,21,4987400,6,tidak,1
G1A020007,2.2,2.64,3.37,3.28,2.56,2.24,3.72,3.48,83.4,91.4,92.1,95.8,70.3,0,2,0,0,1,17,15.2,17,paruh_waktu,52,1993477,3,tidak,0
G1A020008,3.33,3.62,2.89,2.43,3.72,2.53,3.5,2.55,81.7,67.8,77.4,64.1,73.5,0,1,0,0,1,57,10.2,1,tidak_bekerja,35,11828893,4,tidak,0
G1A020009,2.01,2.51,2.55,3.24,2.58,2.04,2.88,2.56,63.4,92.8,94.8,86.3,76.1,1,2,0,0,2,51,12.9,15,paruh_waktu,45,5274098,6,tidak,0
G1A020010,2.32,3.36,3.99,3.3,3.82,2.59,3.22,3.93,62.3,85.9,67.2,96.3,62.0,0,1,2,2,2,35,2.0,11,tidak_bekerja,12,11025396,4,tidak,0
G1A020011,3.1,3.52,2.85,2.3,3.51,3.55,2.32,2.02,64.2,76.8,97.9,66.7,79.9,1,2,0,2,0,32,16.9,8,tidak_bekerja,0,14207054,6,tidak,0
G1A020012,3.38,3.19,2.9,2.12,3.61,3.04,3.35,3.43,83.4,78.3,68.8,98.7,64.9,0,1,0,0,1,25,11.6,2,tidak_bekerja,15,10172934,4,ya,0
G1A020013,3.3,2.94,2.33,3.56,2.04,2.7,2.36,3.41,81.8,70.3,73.0,78.1,76.0,2,1,1,0,2,47,19.7,21,paruh_waktu,54,3462282,1,ya,0
G1A020014,2.45,2.82,3.59,2.92,3.93,2.74,3.39,3.25,69.3,90.1,90.2,97.8,74.0,2,0,0,1,2,39,12.7,20,tidak_bekerja,40,8059559,4,ya,0
G1A020015,3.42,2.7,3.39,2.12,3.45,2.0,2.46,3.98,85.5,80.5,75.8,87.1,90.9,0,0,0,1,1,16,16.7,3,tidak_bekerja,21,10258789,1,tidak,0
G1A020016,2.47,3.86,2.44,3.99,2.61,2.6,2.24,2.62,92.8,72.8,84.3,72.1,92.1,0,1,0,0,2,39,16.0,1,paruh_waktu,31,5427431,2,tidak,0
G1A020017,2.65,3.66,2.16,2.12,3.66,3.29,2.33,2.68,61.7,83.8,77.8,67.5,66.1,1,2,0,0,2,6,6.9,7,tidak_bekerja,15,5184001,1,tidak,1
G1A020018,3.49,3.93,3.36,3.39,2.56,3.95,2.0,2.16,79.9,99.8,89.7,72.1,74.7,1,2,1,1,1,56,5.2,9,tidak_bekerja,50,8519270,4,tidak,0
G1A020019,3.3,2.25,3.31,3.97,3.75,3.69,3.44,2.89,87.6,77.4,69.1,63.7,74.9,1,2,1,1,2,7,8.6,15,tidak_bekerja,14,2904400,5,tidak,0
G1A020020,3.7,3.46,2.55,2.48,2.23,2.05,3.46,2.52,70.1,96.8,62.3,65.8,66.1,2,1,2,0,1,52,9.3,22,tidak_bekerja,57,5122758,5,tidak,0
G1A020021,3.32,3.88,3.9,2.28,3.41,3.8,3.03,2.69,72.3,73.8,72.0,64.2,91.9,2,1,0,2,2,55,4.8,10,tidak_bekerja,45,2847669,2,tidak,0
G1A020022,3.14,2.36,2.3,2.24,3.08,3.57,2.32,3.67,84.5,62.2,79.0,76.9,88.3,2,1,2,2,1,30,17.9,17,tidak_bekerja,51,12196355,4,tidak,0
G1A020023,2.19,2.13,2.86,2.61,2.19,3.56,2.17,3.87,95.9,68.2,66.7,91.8,67.6,2,1,2,0,2,58,10.9,21,full_time,41,13027950,1,tidak,0
G1A020024,2.74,3.48,3.89,2.2,2.48,2.92,2.04,2.37,92.4,76.7,74.2,65.7,74.7,1,0,0,0,2,57,19.6,13,paruh_waktu,52,5213720,5,tidak,0
G1A020025,2.53,3.15,2.84,3.38,2.02,2.8,2.33,2.75,83.3,68.8,76.0,65.2,64.2,2,1,1,1,1,11,16.2,7,tidak_bekerja,11,15693736,6,tidak,0
G1A020026,2.49,3.68,3.28,2.12,2.94,2.61,3.78,3.86,89.2,60.0,62.3,85.7,85.1,2,2,1,1,2,47,11.1,22,tidak_bekerja,59,1476684,3,tidak,1
G1A020027,3.95,2.28,2.8,3.02,2.6,2.13,2.48,2.12,74.6,96.6,83.3,67.9,64.9,2,0,0,2,1,30,18.9,14,tidak_bekerja,0,19686319,4,tidak,0
G1A020028,2.79,3.59,2.55,3.99,3.2,2.46,2.71,2.18,85.6,93.8,95.4,63.9,99.4,2,2,0,0,1,43,10.1,16,paruh_waktu,52,19874432,6,ya,1
G1A020029,3.78,2.4,3.97,3.63,2.59,2.49,2.21,2.33,78.6,89.7,66.1,66.7,91.2,0,1,1,1,2,18,17.7,20,tidak_bekerja,16,13651747,6,tidak,0
G1A020030,3.26,2.33,2.82,3.23,2.6,2.97,2.44,3.19,67.6,66.7,83.9,96.9,75.6,1,0,0,2,0,9,7.2,17,tidak_bekerja,40,2250033,4,tidak,0
G1A020031,3.59,2.33,3.79,2.61,3.49,3.49,3.04,2.3,88.1,64.8,86.6,92.9,83.1,1,1,0,2,2,38,7.6,5,paruh_waktu,54,2452847,3,ya,0
G1A020032,3.01,3.63,2.46,3.25,2.1,2.95,3.22,3.94,82.3,62.7,76.8,74.2,96.5,2,0,0,2,0,11,8.4,22,tidak_bekerja,50,7189811,5,tidak,1
G1A020033,3.15,3.33,2.43,3.05,3.81,2.12,2.49,2.89,74.3,89.0,88.0,86.2,82.2,0,2,1,1,0,19,10.9,13,tidak_bekerja,56,7149620,3,tidak,1
G1A020034,2.99,3.05,2.06,2.85,3.7,3.92,2.12,3.0,96.5,97.2,76.4,81.5,67.0,1,1,2,1,2,36,11.1,22,paruh_waktu,49,14434010,2,tidak,0
G1A020035,2.39,2.72,3.3,2.26,3.34,3.89,2.78,2.49,60.8,77.2,80.2,87.1,75.1,1,1,2,0,0,47,9.9,2,paruh_waktu,27,12390486,1,tidak,0
G1A020036,3.44,3.75,2.74,3.77,3.19,3.57,2.47,2.94,72.6,64.8,60.3,87.3,93.7,2,0,0,0,1,40,6.1,6,tidak_bekerja,6,18950506,1,tidak,0
G1A020037,2.56,2.78,3.73,2.9,3.78,3.98,2.44,3.32,62.3,80.5,87.7,85.1,85.8,2,0,1,2,1,6,18.5,14,paruh_waktu,8,1965730,6,tidak,0
G1A020038,2.05,3.63,2.95,2.39,2.37,3.09,3.92,3.5,90.7,74.0,86.5,70.6,86.0,1,1,0,2,0,51,11.8,20,tidak_bekerja,21,4701351,5,tidak,0
G1A020039,3.29,2.88,3.94,2.74,2.16,3.93,3.23,3.51,88.1,75.0,61.5,61.6,94.7,1,0,1,1,1,53,8.2,23,paruh_waktu,25,4196275,3,tidak,1
G1A020040,2.35,2.75,2.37,2.83,2.48,2.15,3.11,3.16,73.3,84.9,74.7,78.2,95.8,0,1,0,1,2,57,13.0,15,tidak_bekerja,52,5939113,6,tidak,0
G1A020041,3.88,2.93,3.74,3.66,3.59,2.73,2.83,3.81,87.0,88.7,99.2,95.6,96.8,1,0,1,0,1,13,15.4,15,paruh_waktu,11,15516676,4,tidak,0
G1A020042,3.91,2.6,3.55,3.47,2.07,2.45,2.86,3.63,75.8,64.4,76.8,82.8,63.8,1,2,1,0,0,10,19.2,7,full_time,6,5467443,6,tidak,0
G1A020043,3.83,3.5,3.54,3.54,3.17,2.39,3.08,3.51,90.3,61.4,80.1,93.3,81.8,2,0,2,0,2,6,10.0,6,full_time,45,9838312,4,tidak,0
G1A020044,2.74,3.01,3.69,2.02,3.99,2.28,3.39,2.11,78.2,99.8,96.4,99.7,89.6,1,2,0,1,1,28,2.2,5,full_time,46,18828423,4,tidak,0
G1A020045,2.03,2.46,3.52,2.83,3.71,3.24,3.4,2.01,76.5,69.3,88.7,66.5,90.3,2,0,2,2,2,9,8.8,1,tidak_bekerja,14,17914255,2,tidak,0
G1A020046,3.86,3.8,3.25,2.96,3.04,3.56,2.34,2.42,97.4,62.2,83.3,87.7,84.3,1,0,2,0,0,28,9.6,21,tidak_bekerja,37,14457638,2,tidak,1
G1A020047,2.86,2.77,2.26,2.04,2.13,3.16,3.0,3.33,70.0,67.6,91.9,87.0,66.7,1,1,1,0,1,8,17.9,12,tidak_bekerja,20,8689454,4,tidak,0
G1A020048,3.93,3.09,2.07,2.52,3.66,2.29,2.82,2.82,64.8,61.6,94.6,99.2,91.9,1,0,0,1,2,35,7.9,11,paruh_waktu,13,7590716,5,ya,0
G1A020049,3.93,3.81,3.84,3.52,3.2,3.62,3.74,2.8,83.4,75.7,78.3,99.4,88.8,0,0,1,0,2,47,19.1,14,paruh_waktu,1,19704340,2,tidak,0
G1A020050,3.71,3.25,3.23,2.27,2.23,3.27,3.26,3.77,98.8,92.1,79.0,87.5,63.4,2,2,1,2,1,9,9.7,8,tidak_bekerja,7,14266341,2,tidak,0
G1A020051,2.59,2.23,3.59,3.07,2.19,2.78,3.07,3.79,75.1,73.6,75.4,69.7,78.6,0,0,1,1,2,18,19.5,1,full_time,44,6330222,1,tidak,0
G1A020052,2.77,3.88,2.96,2.43,3.82,3.35,2.23,3.82,62.5,77.8,98.7,91.9,67.0,1,1,0,0,2,55,0.2,16,paruh_waktu,54,7305863,6,tidak,0
G1A020053,3.7,3.26,2.23,2.02,3.34,2.52,3.21,2.63,73.6,87.0,87.9,64.3,73.5,0,2,0,0,0,30,18.0,4,full_time,5,1321345,1,ya,0
G1A020054,2.63,2.67,2.25,2.48,3.66,2.69,2.23,3.38,80.2,80.4,63.3,91.2,60.7,2,1,1,1,0,16,18.6,10,paruh_waktu,36,1866525,5,tidak,1
G1A020055,2.34,2.28,3.37,3.95,3.76,3.83,2.67,2.54,66.5,94.5,94.5,96.4,76.0,1,1,0,1,0,8,19.2,21,tidak_bekerja,36,1447564,2,tidak,0
G1A020056,3.11,3.59,2.86,3.6,3.14,2.58,2.29,2.38,86.3,94.6,79.2,75.3,82.0,0,1,1,0,0,44,0.3,18,tidak_bekerja,56,13076502,2,ya,0
G1A020057,3.87,3.24,2.4,3.92,3.03,2.94,3.38,2.37,99.9,60.4,62.8,85.2,84.8,0,1,0,2,0,32,3.4,23,tidak_bekerja,32,10885820,3,tidak,1
G1A020058,3.39,3.07,2.98,2.98,2.86,3.78,2.41,2.68,78.1,91.1,82.0,77.2,86.5,2,2,0,1,0,33,13.1,6,tidak_bekerja,40,11980068,5,ya,0
G1A020059,3.14,3.79,2.13,2.22,2.63,3.42,2.78,2.86,74.2,78.4,76.7,77.5,93.5,0,0,2,2,1,44,0.5,1,paruh_waktu,5,10660243,6,tidak,1
G1A020060,2.19,3.58,3.16,3.1,2.87,2.12,3.79,3.66,76.0,99.6,95.1,72.4,68.6,2,1,1,0,0,23,1.3,15,paruh_waktu,51,13101792,6,tidak,0
G1A020061,3.23,2.3,2.54,2.91,3.55,2.29,2.41,2.24,64.6,79.3,68.2,90.5,64.8,1,2,2,2,2,8,4.4,11,paruh_waktu,25,10687580,6,tidak,0
G1A020062,3.98,2.62,3.6,3.69,3.2,2.02,3.02,3.47,95.3,99.5,93.1,97.4,94.1,1,1,2,0,1,6,10.2,22,paruh_waktu,38,11802766,5,tidak,1
G1A020063,2.28,2.5,2.62,2.2,3.79,3.26,2.84,3.06,76.6,90.2,82.3,97.6,66.3,0,0,1,0,2,15,10.9,14,tidak_bekerja,40,8290985,3,tidak,1
G1A020064,3.04,3.49,2.91,2.98,2.89,2.9,2.04,2.58,75.5,69.9,62.2,67.0,99.0,1,2,1,0,0,18,0.7,0,tidak_bekerja,36,17805220,3,tidak,0
G1A020065,3.75,2.07,2.02,2.3,3.21,2.27,3.59,2.99,86.4,81.5,98.9,95.0,93.7,1,2,0,0,0,38,3.4,24,tidak_bekerja,13,18584119,1,tidak,0
G1A020066,3.48,3.14,2.14,2.65,3.26,3.92,2.14,2.6,77.7,99.7,80.5,89.5,80.0,0,0,1,2,2,5,10.0,12,tidak_bekerja,36,1524252,5,tidak,0
G1A020067,3.39,3.52,2.78,3.47,3.18,3.06,2.95,3.19,85.9,94.3,71.6,70.1,99.3,1,2,2,0,2,49,11.9,22,tidak_bekerja,7,12101868,5,tidak,1
G1A020068,3.4,3.75,2.96,2.95,3.41,2.48,3.12,2.87,62.5,63.9,78.8,62.7,63.9,0,0,2,0,2,50,3.0,5,tidak_bekerja,38,4336967,3,tidak,0
G1A020069,2.72,2.68,3.2,2.75,2.47,3.0,3.26,2.33,92.5,88.3,94.3,70.7,72.1,2,2,1,2,1,10,8.0,12,tidak_bekerja,12,13160853,4,tidak,1
G1A020070,2.59,3.64,2.58,2.79,3.02,3.36,3.38,2.23,97.6,73.8,72.2,96.5,85.5,2,2,2,1,0,11,18.1,17,tidak_bekerja,12,19171905,4,tidak,0
G1A020071,3.62,2.22,3.39,2.92,2.21,2.15,2.51,3.09,86.0,60.3,67.7,85.3,74.0,2,0,0,2,2,57,20.0,2,paruh_waktu,39,16743208,1,tidak,0
G1A020072,3.62,3.69,3.72,3.57,2.77,2.55,2.02,3.8,98.2,76.1,65.2,88.8,97.1,0,0,2,2,0,41,19.7,0,tidak_bekerja,42,2028464,4,tidak,0
G1A020073,3.73,2.25,3.56,3.78,2.98,3.61,3.45,2.69,66.1,69.4,71.9,70.3,62.6,0,2,0,2,2,12,17.6,14,tidak_bekerja,27,6776634,4,ya,0
G1A020074,3.83,2.79,2.08,3.91,3.3,2.92,3.07,3.47,79.1,92.8,91.2,88.8,82.0,1,2,2,0,0,11,7.9,12,tidak_bekerja,57,8180096,4,tidak,1
G1A020075,3.02,3.59,2.96,3.57,3.9,3.09,3.67,3.32,84.1,73.5,78.9,61.1,83.6,1,0,0,0,1,20,13.7,4,full_time,17,17923755,2,tidak,0
G1A020076,3.0,2.3,2.21,2.63,3.2,2.87,3.64,3.86,83.3,93.1,69.1,75.0,86.1,1,0,0,0,0,9,8.3,24,tidak_bekerja,56,11633508,1,ya,1
G1A020077,3.6,2.46,2.48,3.38,3.49,2.09,3.69,3.64,76.1,60.0,66.6,85.1,70.2,1,2,1,1,2,19,13.0,12,tidak_bekerja,18,14726279,3,ya,0
G1A020078,3.3,3.44,3.97,2.88,3.01,2.33,2.97,3.13,73.5,72.3,73.3,65.8,74.6,1,2,0,0,0,49,6.2,21,paruh_waktu,37,5881178,4,ya,0
G1A020079,3.4,3.44,2.28,2.51,3.27,2.89,2.67,3.31,65.1,69.6,97.6,92.9,93.7,0,2,1,1,1,35,12.1,4,tidak_bekerja,31,12612037,6,tidak,1
G1A020080,3.59,3.28,3.0,3.68,2.14,2.42,3.58,3.8,75.7,69.3,73.7,69.4,67.8,0,0,2,0,1,27,10.5,18,full_time,21,11714924,2,tidak,0
G1A020081,3.78,3.39,3.24,2.08,2.51,2.1,2.9,2.8,66.5,62.7,99.5,86.1,93.1,2,2,2,2,0,23,0.5,20,tidak_bekerja,1,15160636,4,tidak,0
G1A020082,2.68,3.09,3.4,3.8,2.72,3.69,2.37,2.65,89.4,67.5,79.4,76.2,82.5,2,1,2,0,2,4,15.8,23,tidak_bekerja,59,15137408,2,tidak,0
G1A020083,2.75,2.5,3.12,2.92,2.94,3.96,3.71,2.02,68.4,82.2,67.2,83.8,90.5,2,0,0,1,1,36,0.2,17,tidak_bekerja,12,6567768,1,tidak,1
G1A020084,2.19,2.69,2.02,3.27,2.09,3.59,3.77,3.65,62.3,71.7,95.6,64.3,88.5,2,2,2,1,1,59,5.9,20,paruh_waktu,22,5874010,6,tidak,1
G1A020085,3.16,2.36,2.65,3.32,2.28,3.71,2.93,3.6,82.1,76.7,78.4,60.7,68.3,0,0,2,0,0,11,0.1,21,tidak_bekerja,24,2170025,6,ya,0
G1A020086,2.07,3.82,3.04,3.79,2.55,2.48,2.15,2.21,83.8,75.1,88.4,96.4,82.8,0,1,1,2,1,57,7.5,9,tidak_bekerja,27,14183900,6,tidak,1
G1A020087,2.93,3.17,2.18,3.27,3.94,3.92,2.78,3.15,94.9,95.0,99.3,70.8,94.7,0,0,1,0,1,34,1.3,23,tidak_bekerja,57,3031722,4,tidak,0
G1A020088,3.09,2.8,2.7,3.23,2.66,2.39,3.61,2.93,83.1,96.2,62.0,92.8,77.3,1,2,2,0,2,39,18.3,7,tidak_bekerja,10,5631813,2,ya,0
G1A020089,2.57,2.92,2.07,2.13,2.96,3.9,3.8,2.24,73.8,79.7,63.9,100.0,98.7,1,1,2,0,2,53,8.3,14,tidak_bekerja,32,10105304,6,tidak,1
G1A020090,3.18,3.89,2.16,3.04,2.39,3.99,2.41,3.96,92.1,73.2,88.8,68.5,78.1,2,1,0,2,2,1,9.2,20,paruh_waktu,23,17424403,5,tidak,0
G1A020091,2.06,2.31,2.79,2.3,3.22,3.42,2.13,2.43,81.6,64.3,71.3,70.6,65.7,1,2,0,1,0,49,7.0,24,paruh_waktu,1,1263369,5,ya,1
G1A020092,2.07,3.17,2.27,3.47,2.56,3.96,3.75,2.13,63.2,98.1,67.4,86.5,75.6,0,2,2,2,1,40,12.6,19,tidak_bekerja,29,14364520,2,ya,0
G1A020093,3.65,3.01,3.14,3.02,2.41,3.14,2.78,3.19,82.6,62.4,61.6,98.6,98.1,2,2,1,1,0,44,15.7,24,tidak_bekerja,16,19367359,4,ya,0
G1A020094,2.72,3.22,3.38,3.36,3.03,2.52,3.08,3.48,96.3,71.9,60.9,96.6,72.8,2,0,2,1,1,38,13.0,22,paruh_waktu,39,8450433,4,tidak,0
G1A020095,2.25,2.04,3.6,2.08,2.01,2.87,3.94,2.06,75.9,71.9,91.0,80.1,94.7,1,0,0,1,1,41,15.0,21,tidak_bekerja,33,16955441,1,tidak,0
G1A020096,3.04,3.74,2.4,2.17,2.02,3.19,2.13,3.32,71.9,72.8,65.4,91.8,95.3,2,0,1,2,1,8,18.1,3,tidak_bekerja,37,10160276,1,tidak,0
G1A020097,3.54,3.86,2.33,3.43,2.44,2.15,3.3,3.06,65.7,66.6,78.7,65.4,74.0,1,2,1,0,2,21,17.3,1,tidak_bekerja,21,13506080,6,tidak,0
G1A020098,2.43,3.13,2.21,2.14,2.07,3.24,2.15,2.21,66.1,91.3,84.2,99.1,63.3,1,2,0,0,0,46,13.5,23,paruh_waktu,4,19329367,3,tidak,0
G1A020099,3.25,3.39,3.27,2.14,2.22,3.96,2.75,2.35,77.3,64.9,77.1,98.6,89.0,2,0,2,0,0,4,4.3,5,full_time,47,7121716,1,tidak,0
G1A020100,2.17,3.84,3.41,2.02,2.68,2.38,3.61,3.14,83.8,85.4,61.1,66.5,72.5,1,1,2,0,1,11,12.8,2,paruh_waktu,39,17946475,4,ya,0
G1A021001,2.1,3.41,2.06,3.91,3.61,3.59,2.87,2.59,63.2,65.0,91.3,72.0,91.3,1,0,2,0,0,0,10.1,6,tidak_bekerja,50,3407777,3,tidak,0
G1A021002,3.06,2.31,3.87,3.48,3.14,3.82,3.99,3.88,97.6,62.8,60.4,64.0,77.7,1,1,0,2,2,43,14.3,9,tidak_bekerja,15,10481736,1,tidak,0
G1A021003,3.08,3.15,2.1,2.71,3.03,3.89,3.12,3.64,90.2,96.4,90.5,70.9,79.4,1,2,1,2,0,21,16.7,22,paruh_waktu,12,17976257,2,tidak,0
G1A021004,3.27,3.21,3.08,2.59,2.59,3.92,2.64,3.97,83.5,67.6,95.7,92.6,91.1,2,2,0,2,1,37,14.9,5,tidak_bekerja,25,6450486,5,tidak,1
G1A021005,3.45,2.85,3.42,2.7,3.86,3.04,2.44,2.52,93.1,92.9,77.3,75.1,75.3,0,0,2,2,2,50,16.9,15,full_time,30,9367415,1,ya,0
G1A021006,3.95,3.47,3.74,3.55,2.79,3.95,2.7,3.94,63.2,81.8,81.4,63.5,77.7,0,0,0,2,2,18,1.3,1,full_time,51,17742813,1,tidak,1
G1A021007,3.03,3.87,3.43,3.32,2.17,3.51,2.75,2.86,79.1,63.1,79.1,73.7,75.0,1,2,1,2,1,15,0.6,23,tidak_bekerja,38,6997845,2,tidak,0
G1A021008,2.65,3.85,3.6,2.37,3.23,2.32,2.14,2.7,85.2,98.2,75.6,99.3,74.7,1,0,0,2,0,30,5.2,16,full_time,47,10118454,4,tidak,0
G1A021009,3.59,2.9,2.68,2.35,2.23,2.95,2.74,2.1,93.1,69.9,95.5,85.2,81.0,1,2,2,0,1,50,18.0,12,tidak_bekerja,22,8896419,6,tidak,1
G1A021010,2.54,2.23,3.63,2.2,2.69,3.44,2.93,2.11,91.3,94.4,95.8,76.6,92.4,0,2,1,1,0,2,16.5,0,paruh_waktu,47,2813318,2,tidak,0
G1A021011,2.88,3.97,2.16,3.32,3.01,2.49,3.45,3.38,71.1,66.8,73.4,66.7,74.5,1,1,0,2,0,22,13.7,5,tidak_bekerja,60,11822700,6,tidak,0
G1A021012,2.16,3.68,3.79,3.53,3.75,3.28,3.31,2.92,97.6,94.2,84.6,99.4,81.0,2,0,0,1,2,41,14.0,4,tidak_bekerja,11,19610826,1,tidak,0
G1A021013,2.05,2.25,3.1,2.53,2.99,3.33,3.42,2.45,65.0,60.5,97.1,92.8,86.8,2,2,1,2,1,58,14.5,24,paruh_waktu,13,12918661,4,tidak,0
G1A021014,3.93,3.84,3.63,2.04,3.4,2.33,2.02,3.23,95.0,80.5,98.5,71.3,70.8,2,0,1,2,2,17,18.9,12,paruh_waktu,55,11737811,3,tidak,0
G1A021015,3.67,3.74,2.9,2.16,3.99,3.13,2.44,2.51,98.8,90.8,80.4,62.8,71.1,0,1,2,0,1,25,16.6,22,tidak_bekerja,17,13499298,1,tidak,0
G1A021016,3.39,3.04,3.29,3.94,2.26,3.54,3.32,3.16,67.1,97.4,78.1,62.3,97.3,1,1,1,1,1,12,12.5,17,tidak_bekerja,26,6344491,2,tidak,0
G1A021017,2.82,3.18,3.05,2.59,2.55,3.0,2.97,2.72,88.9,96.4,71.1,64.8,88.9,1,0,2,0,2,57,13.3,11,tidak_bekerja,27,11019518,3,tidak,0
G1A021018,2.35,2.8,3.46,3.54,2.79,2.02,2.01,3.65,61.6,92.8,98.4,83.2,83.1,1,0,0,0,1,17,4.3,6,tidak_bekerja,17,5063627,5,tidak,1
G1A021019,2.31,2.11,2.16,3.25,2.84,2.02,3.61,3.64,76.2,95.5,65.7,97.2,85.9,0,2,2,1,1,2,13.1,14,tidak_bekerja,15,3763357,3,ya,0
G1A021020,2.5,2.67,2.12,2.76,2.82,2.71,3.55,2.95,80.7,68.0,83.2,79.9,61.2,0,1,0,0,0,57,8.5,2,tidak_bekerja,51,6934299,2,tidak,0
G1A021021,3.1,3.61,2.49,2.41,3.82,3.85,3.1,2.7,83.2,71.4,71.3,93.7,84.7,0,1,1,2,1,59,3.1,15,tidak_bekerja,15,10455578,3,tidak,1
G1A021022,3.43,2.01,2.32,2.24,3.43,2.46,2.13,2.73,97.4,71.6,71.2,77.8,80.4,0,1,0,2,1,22,16.1,0,tidak_bekerja,12,12366185,2,tidak,0
G1A021023,3.32,2.67,3.74,3.23,3.22,3.27,3.53,3.61,86.9,75.1,76.2,88.3,81.8,2,0,1,2,2,2,10.2,15,tidak_bekerja,57,12593668,1,tidak,0
G1A021024,2.56,2.8,2.44,3.55,2.62,2.44,3.17,2.66,79.3,75.7,100.0,89.3,74.4,0,2,0,2,2,54,19.5,23,tidak_bekerja,28,2216953,4,tidak,0
G1A021025,3.91,3.07,3.95,3.29,3.65,2.64,3.56,2.42,92.4,81.8,62.2,67.0,63.3,0,0,0,2,1,24,5.6,11,tidak_bekerja,8,12576964,5,tidak,0
G1A021026,3.48,3.84,2.67,3.06,3.91,3.7,3.5,2.17,98.0,66.4,83.1,74.4,67.7,0,0,0,0,0,26,9.6,18,full_time,25,2528474,4,tidak,0
G1A021027,3.11,2.69,2.36,2.08,3.64,3.46,3.61,2.93,60.9,87.6,63.3,85.5,98.0,1,0,0,0,0,57,9.0,7,tidak_bekerja,27,10258011,4,tidak,0
G1A021028,3.22,2.69,3.58,3.94,2.0,2.19,3.04,2.96,99.3,66.7,66.2,62.8,76.3,1,2,2,2,2,43,2.4,22,full_time,40,16780633,4,tidak,1
G1A021029,2.84,3.48,3.32,3.6,3.27,2.86,2.28,3.68,63.4,72.4,77.6,74.5,78.7,1,0,0,2,1,26,8.5,11,paruh_waktu,12,8265584,2,tidak,1
G1A021030,2.5,2.9,3.0,2.59,2.1,2.06,3.34,2.44,92.6,80.1,80.4,81.4,62.1,2,1,2,0,1,51,5.8,14,paruh_waktu,60,9838889,2,tidak,1
G1A021031,2.71,2.45,3.11,3.96,2.52,2.96,3.24,2.76,71.2,91.9,70.4,99.8,61.5,2,1,1,1,0,38,3.2,1,paruh_waktu,35,10295252,5,tidak,0
G1A021032,3.52,2.9,3.44,3.2,2.12,3.32,3.48,3.62,65.3,89.6,72.7,79.0,88.7,0,1,1,0,0,24,5.6,16,paruh_waktu,8,5673024,2,ya,0
G1A021033,2.03,2.28,2.46,3.16,3.21,2.24,2.34,3.65,77.6,85.8,63.5,92.6,81.5,1,2,2,0,0,23,4.7,6,tidak_bekerja,46,16186421,6,tidak,0
G1A021034,2.23,2.35,3.99,3.5,3.37,2.58,2.39,2.77,85.8,66.2,72.1,77.3,80.3,2,0,1,0,2,7,14.7,12,tidak_bekerja,13,4154267,2,tidak,0
G1A021035,2.09,3.0,3.95,3.62,2.23,2.8,3.78,2.92,75.2,81.9,98.7,91.9,69.7,1,2,1,0,1,8,0.6,0,paruh_waktu,50,15038009,2,tidak,0
G1A021036,2.08,2.84,3.3,3.31,2.77,3.84,3.5,2.61,62.2,63.5,97.8,83.8,89.8,2,0,0,0,2,45,12.3,5,tidak_bekerja,11,12774646,2,tidak,0
G1A021037,3.71,3.83,2.4,2.26,2.91,3.99,3.82,3.87,84.0,75.1,73.4,95.5,66.7,2,1,0,1,1,36,15.2,12,paruh_waktu,52,16695184,1,tidak,1
G1A021038,3.41,2.72,3.36,2.68,2.74,2.09,3.52,2.24,96.1,76.5,82.8,76.4,67.6,0,0,0,2,2,29,9.6,10,tidak_bekerja,57,4456979,5,ya,0
G1A021039,2.95,3.16,2.14,3.86,2.24,3.52,3.19,3.87,75.3,61.6,96.4,84.2,78.4,0,0,2,2,1,52,18.6,9,paruh_waktu,56,14532568,6,ya,0
G1A021040,2.2,3.26,2.06,2.45,2.84,2.74,3.31,3.37,68.7,71.0,60.2,85.2,71.5,2,0,2,1,0,18,14.2,15,tidak_bekerja,31,10798983,2,tidak,1
G1A021041,2.98,2.03,2.52,2.74,3.5,2.78,3.78,3.06,77.7,98.2,92.4,76.7,69.9,0,2,1,2,0,52,15.0,23,tidak_bekerja,37,11276595,5,tidak,0
G1A021042,2.95,3.33,2.93,2.86,2.14,3.51,3.16,2.07,61.9,98.1,97.9,65.8,85.8,2,0,0,2,0,15,3.9,22,tidak_bekerja,2,9184477,3,tidak,0
G1A021043,2.35,2.36,3.74,2.88,2.16,3.84,3.26,2.95,92.8,74.1,63.7,63.7,86.0,2,0,2,2,2,23,15.5,19,paruh_waktu,57,16954637,1,tidak,0
G1A021044,2.87,3.92,3.45,3.23,2.71,3.9,2.31,2.82,93.1,61.7,66.5,60.7,93.0,1,0,2,1,0,43,16.6,16,paruh_waktu,56,14170997,2,tidak,0
G1A021045,2.8,2.3,3.49,3.89,3.88,3.15,2.95,2.32,83.5,67.2,98.4,94.9,76.7,0,2,0,1,1,20,7.2,16,tidak_bekerja,53,6662110,6,tidak,1
G1A021046,3.23,2.83,2.85,2.48,3.34,2.71,3.43,3.31,74.1,75.7,81.5,69.5,62.9,0,2,2,2,2,35,4.3,3,paruh_waktu,51,2318154,1,tidak,0
G1A021047,3.27,2.17,2.69,2.24,3.36,3.58,2.54,3.94,92.0,97.9,60.6,68.5,70.9,0,2,0,2,1,39,7.7,4,tidak_bekerja,15,18593676,6,tidak,0
G1A021048,2.09,3.99,2.74,2.39,2.72,2.5,2.4,3.12,82.2,65.6,70.3,89.4,99.2,1,0,1,2,2,38,14.8,22,tidak_bekerja,19,11553333,1,ya,0
G1A021049,2.75,3.0,3.98,3.77,3.19,3.13,2.63,3.43,93.0,90.5,78.0,72.8,83.9,1,1,1,0,1,46,8.4,13,tidak_bekerja,31,3564660,3,tidak,0
G1A021050,3.25,3.19,2.08,3.29,2.02,2.72,2.48,2.14,85.3,64.3,87.7,80.2,88.4,1,1,1,0,1,5,14.7,19,tidak_bekerja,55,8331426,5,tidak,0
G1A021051,3.01,2.13,3.73,2.57,3.27,3.31,2.43,2.84,91.4,99.3,89.3,66.5,60.3,0,1,0,0,2,4,2.3,9,tidak_bekerja,22,6420278,1,ya,0
G1A021052,3.71,3.5,3.16,3.63,3.83,2.48,2.85,2.23,83.9,75.3,99.8,98.4,80.7,0,0,2,1,2,13,16.1,13,tidak_bekerja,16,5236901,4,tidak,0
G1A021053,3.32,2.42,2.88,3.72,3.23,2.38,3.82,3.23,76.6,91.0,71.5,94.1,61.5,0,1,1,2,0,52,5.1,0,paruh_waktu,15,9058630,3,tidak,0
G1A021054,2.33,3.8,3.45,3.69,3.75,3.84,3.01,3.88,98.3,73.7,81.5,94.6,82.8,1,1,1,1,0,44,5.0,10,paruh_waktu,37,18647886,4,tidak,0
G1A021055,2.14,2.41,2.97,3.84,3.45,2.2,2.38,3.32,81.6,85.1,81.3,76.3,96.8,1,1,1,1,1,41,11.8,22,tidak_bekerja,7,6990026,3,tidak,0
G1A021056,3.28,2.38,3.75,2.5,2.24,3.01,2.15,2.15,84.2,67.7,76.2,90.5,98.7,2,0,2,1,1,49,1.4,17,tidak_bekerja,18,2352471,4,tidak,0
G1A021057,2.05,2.07,3.8,3.51,3.8,2.44,3.39,2.71,68.8,65.8,66.8,65.8,81.6,1,1,2,2,1,3,0.5,15,tidak_bekerja,29,13669890,4,tidak,1
G1A021058,3.17,2.94,2.84,2.92,2.13,2.08,2.77,3.1,85.0,97.5,99.1,60.3,78.3,2,1,0,0,2,7,5.2,17,tidak_bekerja,56,4425565,6,tidak,1
G1A021059,3.88,3.13,2.55,3.68,3.07,2.07,3.64,2.81,82.9,96.7,94.1,60.8,97.8,0,0,1,2,2,23,10.8,7,tidak_bekerja,57,4314497,1,tidak,0
G1A021060,3.15,2.13,3.18,3.46,2.28,2.35,3.32,3.67,67.4,95.5,79.9,83.5,86.9,1,2,2,2,0,10,18.2,9,tidak_bekerja,33,11842428,1,tidak,1
G1A021061,2.78,3.55,3.82,3.55,2.02,3.73,3.59,3.63,62.4,85.0,84.1,78.2,62.6,0,1,0,1,1,16,16.9,9,full_time,13,16365416,3,tidak,0
G1A021062,3.29,2.91,2.42,3.31,2.84,2.56,2.54,3.22,84.2,92.3,69.1,80.7,78.6,0,2,1,1,0,49,9.8,4,paruh_waktu,21,8666001,5,ya,0
G1A021063,2.92,3.05,3.25,2.35,2.59,3.9,3.38,2.75,90.5,62.8,81.8,60.3,69.6,0,1,2,1,2,20,0.7,9,tidak_bekerja,43,6635499,6,tidak,0
G1A021064,3.09,2.88,3.26,3.09,2.97,3.16,2.53,2.51,80.9,73.4,87.8,76.9,78.8,0,0,2,0,2,56,10.7,17,tidak_bekerja,16,19657630,1,tidak,0
G1A021065,3.88,2.8,3.47,3.97,3.15,2.87,3.88,2.21,69.1,72.5,80.6,88.7,78.2,1,2,0,0,2,25,14.1,20,tidak_bekerja,59,9626686,1,tidak,0
G1A021066,2.77,3.12,2.26,3.87,2.09,3.16,3.27,2.71,86.7,85.4,99.6,77.7,83.3,0,2,1,0,0,42,6.8,23,paruh_waktu,58,15279147,6,tidak,0
G1A021067,3.92,2.31,3.43,2.09,2.25,3.03,2.65,2.83,63.2,74.2,84.5,89.3,74.3,2,2,1,2,2,47,2.2,5,tidak_bekerja,14,3885201,2,tidak,1
G1A021068,3.81,2.36,3.82,2.33,3.12,3.52,2.54,3.35,77.7,65.9,74.8,69.3,66.6,1,2,2,1,1,43,5.6,2,tidak_bekerja,49,1043016,6,tidak,1
G1A021069,2.39,3.72,2.36,2.26,2.69,2.56,2.38,3.32,66.5,83.9,90.9,92.5,80.1,0,1,1,2,0,44,15.4,7,paruh_waktu,47,2334996,1,ya,0
G1A021070,2.14,3.89,2.48,3.45,3.46,2.71,3.39,2.14,67.4,92.6,66.8,83.5,93.2,1,1,0,0,2,26,7.0,8,tidak_bekerja,31,13076583,5,tidak,0
G1A021071,2.2,2.75,3.94,3.64,3.3,3.79,2.44,2.79,68.1,75.3,75.4,68.4,86.6,2,2,2,1,0,15,16.2,4,tidak_bekerja,12,4698538,2,ya,0
G1A021072,2.04,2.54,2.36,2.43,3.69,3.89,3.19,2.36,75.5,65.3,73.9,69.5,73.5,0,1,2,0,0,54,6.4,1,tidak_bekerja,20,6646049,4,tidak,0
G1A021073,2.19,3.29,3.71,3.01,3.38,3.79,2.53,2.31,62.0,67.9,77.3,85.1,97.4,2,2,0,1,2,25,3.3,1,tidak_bekerja,48,1026567,6,tidak,0
G1A021074,3.37,2.82,2.98,3.68,2.86,2.84,3.32,3.65,75.9,69.5,91.3,93.2,96.5,0,2,2,1,2,52,8.7,6,tidak_bekerja,39,10499892,4,tidak,0
G1A021075,2.14,2.05,2.49,3.47,3.35,3.56,3.63,2.08,80.5,72.0,79.4,76.6,68.4,2,0,1,2,0,32,9.0,16,tidak_bekerja,32,11611966,2,tidak,0
G1A021076,2.64,2.31,3.74,3.08,2.55,2.95,3.56,2.84,79.3,85.7,91.8,70.3,61.6,0,2,1,2,0,30,0.3,9,tidak_bekerja,60,5741152,2,tidak,1
G1A021077,3.69,3.43,2.89,3.18,2.61,3.0,3.52,2.34,75.3,84.0,83.1,94.7,89.7,1,1,2,0,2,47,2.3,11,tidak_bekerja,56,15214166,2,ya,0
G1A021078,2.05,3.32,3.03,3.02,3.58,2.41,2.38,3.76,93.6,87.8,73.7,86.8,93.1,0,2,0,2,1,46,3.7,1,paruh_waktu,57,4795788,3,tidak,0
G1A021079,3.63,2.05,2.72,2.6,2.89,3.18,2.18,3.11,65.8,74.5,92.4,77.9,98.7,1,0,0,2,0,5,2.3,9,tidak_bekerja,26,16634228,6,tidak,0
G1A021080,2.56,2.44,3.19,3.13,3.6,2.37,3.4,2.46,80.2,93.0,69.5,79.5,95.6,0,1,1,2,0,43,6.8,19,tidak_bekerja,34,14938736,5,tidak,0
G1A021081,2.24,2.46,2.33,3.38,3.64,2.66,2.74,3.0,62.5,68.2,69.0,68.2,84.0,0,0,0,1,1,7,19.3,0,paruh_waktu,15,17310733,5,tidak,1
G1A021082,3.39,3.34,2.78,3.75,3.72,3.71,2.86,3.46,62.8,78.8,80.2,85.1,81.2,2,0,2,2,2,6,10.2,3,paruh_waktu,27,11721869,4,tidak,0
G1A021083,3.26,2.04,3.94,3.27,3.83,2.41,2.06,3.92,83.0,92.0,70.4,74.3,61.1,2,2,2,0,2,33,12.6,12,paruh_waktu,33,3593103,4,tidak,1
G1A021084,3.75,2.21,2.52,3.52,2.86,2.14,2.52,2.44,82.6,67.2,60.4,99.8,69.9,2,0,1,1,1,43,7.1,11,tidak_bekerja,46,19965625,4,ya,1
G1A021085,3.47,3.6,3.31,2.32,2.64,2.14,2.07,3.77,95.1,64.4,85.9,79.2,78.4,0,0,1,1,2,52,6.5,10,tidak_bekerja,0,1528742,6,tidak,0
G1A021086,3.61,2.36,2.65,2.92,3.16,3.88,3.76,3.87,82.3,95.3,80.4,79.4,85.1,0,1,1,2,2,13,0.5,9,paruh_waktu,40,1022873,1,tidak,0
G1A021087,2.56,3.31,3.55,2.02,2.74,3.01,2.49,3.83,98.4,73.7,77.8,82.6,82.3,0,0,0,1,0,15,10.0,14,paruh_waktu,47,17381304,4,tidak,1
G1A021088,2.35,2.48,2.26,2.49,3.2,2.82,3.11,3.27,61.9,87.4,98.7,96.7,89.7,1,2,2,0,0,42,9.7,4,tidak_bekerja,30,17614131,2,tidak,1
G1A021089,3.5,2.2,3.94,3.45,3.41,3.62,2.08,3.26,63.9,61.0,82.8,92.0,71.2,1,2,2,0,0,51,3.2,24,full_time,35,5422801,4,tidak,0
G1A021090,3.61,2.49,2.91,3.98,3.38,3.67,3.33,2.81,61.8,87.6,94.5,78.0,82.6,0,2,2,1,1,8,15.3,16,tidak_bekerja,43,5835805,2,tidak,0
G1A021091,3.98,3.44,2.47,2.2,2.75,2.66,2.65,3.5,67.4,72.6,65.6,88.7,63.5,2,0,1,2,2,9,9.9,4,full_time,32,18482555,3,tidak,0
G1A021092,2.83,3.71,2.15,2.8,2.33,3.39,3.8,3.06,81.7,62.2,82.8,83.4,76.5,2,1,2,2,2,16,6.8,1,paruh_waktu,32,8889785,1,tidak,0
G1A021093,2.74,3.66,2.34,3.6,2.86,3.54,3.78,3.35,85.8,84.4,94.7,79.7,90.0,2,2,0,1,0,11,2.9,8,paruh_waktu,38,10622156,1,ya,0
G1A021094,3.55,2.79,3.04,2.41,2.29,3.31,2.65,2.86,61.8,69.6,83.3,67.7,87.7,0,0,0,0,0,5,11.0,5,full_time,17,14166999,6,ya,1
G1A021095,2.68,3.34,2.67,3.11,3.78,2.3,3.8,3.46,97.8,75.5,88.7,78.6,99.6,2,2,2,1,1,18,15.1,17,paruh_waktu,22,11100846,6,tidak,0
G1A021096,3.86,2.41,3.66,3.47,2.69,3.75,3.99,3.65,93.7,63.2,74.9,69.8,71.1,0,2,1,2,2,42,5.6,13,tidak_bekerja,59,13952344,5,ya,0
G1A021097,3.72,2.59,2.86,3.23,2.31,3.08,3.65,2.29,71.9,65.9,63.7,96.6,79.9,1,1,2,2,1,40,4.4,18,tidak_bekerja,22,1243761,3,tidak,0
G1A021098,2.86,3.79,2.5,2.38,2.05,2.56,3.69,3.67,63.1,71.9,78.3,73.4,73.2,2,2,0,1,2,52,10.4,13,tidak_bekerja,14,13825733,6,tidak,0
G1A021099,3.5,2.03,3.23,2.71,3.29,2.85,2.5,3.08,66.8,63.6,75.8,98.1,77.6,1,1,0,0,1,28,3.1,7,tidak_bekerja,25,18212701,2,tidak,0
G1A021100,3.51,2.17,3.41,3.57,3.27,2.08,3.15,3.69,65.1,96.4,94.7,81.3,94.3,2,0,0,1,0,5,13.3,16,paruh_waktu,29,7633381,3,tidak,1
G1A022001,2.21,2.42,2.33,3.11,2.68,2.26,2.13,2.86,64.9,60.2,69.8,85.3,87.4,0,2,2,0,1,58,12.1,2,tidak_bekerja,24,14507165,1,tidak,0
G1A022002,3.81,2.05,2.34,2.01,2.14,3.53,2.19,2.76,80.7,79.4,98.7,81.7,95.3,0,0,0,0,1,24,1.7,9,tidak_bekerja,44,7170205,2,tidak,0
G1A022003,3.01,2.36,2.07,3.52,2.82,2.0,4.0,3.83,69.8,64.9,98.3,65.2,68.1,0,0,1,1,0,56,0.7,16,tidak_bekerja,15,11076728,3,tidak,0
G1A022004,3.65,3.17,3.47,2.07,2.62,2.83,2.65,2.5,74.3,72.3,69.9,75.0,94.9,0,0,2,1,2,23,12.4,10,paruh_waktu,38,8176185,1,tidak,0
G1A022005,2.64,2.84,3.33,3.49,3.35,3.05,3.5,3.69,99.6,97.0,73.9,64.0,62.4,2,2,2,0,2,24,5.9,7,tidak_bekerja,47,7001827,6,tidak,0
G1A022006,3.79,3.79,2.95,2.4,3.21,2.11,3.61,2.97,87.4,66.5,95.8,84.9,95.5,1,1,0,0,0,15,1.7,0,tidak_bekerja,44,16965527,2,ya,0
G1A022007,2.78,3.63,3.69,3.92,2.73,3.95,3.72,3.03,98.0,98.6,98.7,77.9,73.2,0,2,0,0,1,51,15.2,12,tidak_bekerja,13,3522189,2,tidak,0
G1A022008,2.02,2.68,3.61,2.74,2.44,2.45,4.0,2.62,65.7,68.2,77.7,91.1,72.6,2,0,1,0,1,15,6.3,20,paruh_waktu,16,1942151,1,tidak,0
G1A022009,3.81,2.52,3.17,2.65,3.98,2.61,2.48,3.15,75.3,89.7,72.8,68.8,80.5,1,1,2,2,1,5,9.2,3,tidak_bekerja,11,14844545,2,tidak,0
G1A022010,2.18,2.76,3.74,2.3,2.91,2.61,2.08,2.65,82.2,81.9,81.0,66.6,97.6,0,0,0,1,2,36,4.7,6,paruh_waktu,28,1476015,6,tidak,0
G1A022011,2.64,3.18,2.41,2.61,3.38,2.46,2.82,2.08,63.1,95.4,87.5,76.3,61.9,1,1,1,0,1,20,12.5,13,tidak_bekerja,31,1876611,6,tidak,1
G1A022012,3.9,2.54,2.22,3.75,2.28,2.0,2.26,2.54,60.2,82.2,70.9,97.1,74.1,0,2,0,1,2,3,6.0,4,tidak_bekerja,55,8429174,6,tidak,0
G1A022013,3.9,3.25,2.54,3.99,2.97,3.46,2.04,2.01,86.8,81.4,89.5,88.4,94.3,1,1,2,0,1,33,19.4,23,full_time,23,15707667,1,ya,0
G1A022014,3.15,2.82,2.11,2.74,2.06,3.93,2.72,3.96,85.7,67.8,62.1,76.8,75.8,1,2,0,1,0,27,14.1,10,tidak_bekerja,51,4427495,4,tidak,0
G1A022015,3.26,3.1,3.06,2.9,3.01,2.45,3.57,3.93,76.4,66.6,62.0,80.7,68.0,0,0,2,1,0,37,2.7,16,tidak_bekerja,12,7860184,4,tidak,0
G1A022016,2.9,2.87,3.87,3.44,3.93,3.33,3.13,2.79,79.6,96.7,75.5,63.4,77.0,2,1,0,0,2,40,8.3,4,tidak_bekerja,55,9744578,2,tidak,0
G1A022017,2.59,2.59,2.08,3.77,2.77,3.48,2.63,3.46,76.6,73.1,74.1,99.4,75.4,1,0,2,0,2,27,7.7,19,tidak_bekerja,19,19563957,6,tidak,0
G1A022018,2.66,3.9,2.24,3.19,2.08,3.7,3.31,2.69,61.0,74.9,72.6,86.7,96.6,0,1,1,1,0,16,10.7,2,tidak_bekerja,14,9375065,2,ya,0
G1A022019,3.35,3.53,2.9,2.78,2.06,2.85,2.46,3.34,73.4,90.4,79.6,71.4,90.5,1,2,2,1,0,13,16.8,4,tidak_bekerja,55,17195367,1,ya,0
G1A022020,3.5,2.28,3.87,2.83,2.78,2.61,2.03,3.61,67.1,73.6,72.8,83.4,80.2,1,1,1,1,1,6,11.7,14,tidak_bekerja,52,2972645,2,tidak,1
G1A022021,3.58,3.74,2.63,3.39,2.32,2.65,3.53,3.89,63.9,98.1,67.7,64.4,99.5,2,1,2,2,0,21,1.2,18,tidak_bekerja,3,5151235,5,ya,0
G1A022022,3.58,2.97,3.01,2.01,2.05,3.43,3.25,2.8,98.3,89.5,72.4,98.6,78.6,1,2,1,0,2,50,13.1,15,paruh_waktu,53,13388242,4,tidak,0
G1A022023,2.18,3.79,2.08,3.24,3.51,3.63,3.52,3.57,84.0,83.9,99.0,67.0,62.3,1,2,0,2,0,0,0.2,7,paruh_waktu,33,18214754,2,tidak,0
G1A022024,2.99,3.6,2.3,2.71,2.92,2.36,2.08,2.53,89.1,95.2,76.4,85.9,70.5,0,2,2,2,2,28,15.6,12,tidak_bekerja,27,3224615,2,tidak,1
G1A022025,2.12,2.85,3.97,3.59,2.58,2.74,3.67,3.98,72.6,62.0,77.8,69.8,77.4,0,1,0,0,2,51,13.3,15,tidak_bekerja,49,2150112,3,tidak,1
G1A022026,3.1,2.04,3.93,2.19,3.8,3.8,3.24,2.05,75.7,70.3,83.1,88.7,66.3,2,0,1,0,1,30,6.2,2,tidak_bekerja,1,10195168,2,tidak,0
G1A022027,2.88,2.54,2.01,3.18,2.23,3.61,3.13,3.21,69.5,78.6,99.3,91.1,97.9,1,1,2,2,1,29,5.8,0,tidak_bekerja,56,10689165,5,ya,0
G1A022028,3.78,3.08,3.9,2.96,3.91,3.97,3.25,3.32,63.9,69.1,69.7,86.9,90.7,1,1,2,0,1,56,16.0,8,tidak_bekerja,46,12865481,4,tidak,0
G1A022029,2.7,3.27,3.28,3.28,2.63,3.51,3.73,3.38,67.2,89.8,87.3,84.6,70.7,1,0,0,1,1,14,15.7,8,tidak_bekerja,29,11415643,3,tidak,0
G1A022030,2.23,2.52,3.74,2.13,3.78,2.79,3.17,2.24,91.9,96.8,88.6,95.7,83.6,2,2,2,1,0,17,7.0,21,tidak_bekerja,25,11084963,1,tidak,0
G1A022031,2.29,2.28,2.91,3.16,3.21,3.18,3.16,3.88,87.1,77.0,84.3,63.1,88.9,1,1,2,2,1,34,6.0,16,tidak_bekerja,50,15560655,1,tidak,0
G1A022032,3.52,3.67,3.03,3.12,3.65,3.32,3.98,2.36,81.9,73.7,63.5,73.2,97.7,0,0,0,2,0,49,11.2,23,tidak_bekerja,46,8945982,4,tidak,0
G1A022033,3.24,3.97,2.98,3.12,3.97,2.16,3.51,3.25,79.0,98.5,87.1,69.9,95.3,2,2,2,0,1,29,0.2,1,full_time,25,2048581,1,tidak,1
G1A022034,2.2,3.05,3.33,3.21,2.58,3.09,2.88,2.45,96.9,77.8,62.6,99.5,80.6,0,2,0,0,1,33,1.7,8,tidak_bekerja,19,14865640,5,ya,1
G1A022035,2.17,2.34,2.28,3.35,3.92,3.42,3.41,2.61,62.9,79.6,83.8,75.6,91.0,0,1,0,2,2,41,2.5,23,paruh_waktu,41,14900670,2,ya,0
G1A022036,3.4,2.54,2.06,3.61,2.78,2.33,2.78,3.09,71.2,74.1,89.6,89.3,82.5,2,2,0,2,0,10,3.7,18,paruh_waktu,27,17521486,4,tidak,0
G1A022037,2.15,2.04,2.62,2.54,2.77,3.56,2.46,2.83,74.0,96.4,68.4,87.4,82.1,0,2,0,1,2,26,10.2,12,tidak_bekerja,55,6638702,3,ya,1
G1A022038,3.64,3.83,3.41,3.65,2.68,3.17,3.19,2.32,91.3,82.8,93.7,68.5,64.6,1,0,0,1,1,23,19.8,4,tidak_bekerja,19,1802914,2,tidak,0
G1A022039,3.41,2.24,2.4,3.0,3.08,3.9,3.86,2.34,99.7,90.5,61.2,69.6,65.0,2,0,1,0,0,34,13.1,8,tidak_bekerja,10,4497859,1,tidak,0
G1A022040,2.16,3.15,3.35,2.15,2.31,2.08,3.86,2.84,69.6,92.5,93.8,71.3,81.2,0,2,1,1,1,38,1.2,12,tidak_bekerja,57,7514329,1,ya,0
G1A022041,2.17,2.55,3.94,2.12,3.11,2.53,2.68,3.51,95.0,73.7,78.4,76.4,70.8,1,0,0,0,2,7,10.5,0,tidak_bekerja,9,15700939,3,tidak,0
G1A022042,3.97,3.11,2.19,2.67,3.08,3.2,3.06,3.8,93.2,77.3,68.7,69.4,60.8,1,2,1,0,0,50,9.9,24,paruh_waktu,60,12809537,5,ya,0
G1A022043,2.75,3.3,3.35,3.57,3.52,2.59,2.42,2.17,69.0,93.9,65.4,60.8,88.9,0,1,1,0,2,17,2.9,14,tidak_bekerja,22,16144738,3,tidak,0
G1A022044,2.74,3.66,2.89,3.42,3.67,3.43,3.99,2.79,76.0,74.5,98.1,95.2,61.3,1,0,2,1,1,12,18.4,3,tidak_bekerja,36,9214025,4,tidak,0
G1A022045,3.63,2.41,3.74,3.58,2.88,3.52,3.96,2.2,76.4,91.8,62.9,98.6,83.8,2,2,0,2,1,44,8.8,3,paruh_waktu,40,19115439,3,tidak,0
G1A022046,3.89,2.02,2.35,3.03,2.6,2.21,3.3,2.03,99.1,97.6,68.0,73.7,81.6,0,2,1,2,1,23,19.9,19,paruh_waktu,51,12635432,1,tidak,0
G1A022047,3.97,2.27,3.39,2.88,2.52,3.03,3.61,3.32,67.2,84.9,73.9,73.5,98.8,1,0,2,1,0,50,8.4,9,tidak_bekerja,18,12522730,5,ya,0
G1A022048,3.51,3.8,3.68,2.29,2.39,3.02,3.43,3.2,92.0,89.7,84.8,60.3,79.4,1,0,2,2,2,22,12.2,24,paruh_waktu,44,13105236,5,tidak,1
G1A022049,2.75,3.75,3.89,2.66,2.12,2.74,3.19,2.33,73.4,92.2,81.8,87.2,62.5,0,1,0,0,2,11,2.1,5,tidak_bekerja,17,16564814,6,tidak,0
G1A022050,2.17,3.19,3.37,2.87,2.68,3.87,2.11,2.47,89.2,93.8,65.0,93.0,82.1,0,2,0,2,1,48,9.1,23,tidak_bekerja,48,10005908,3,tidak,0
G1A022051,3.55,3.2,2.99,2.18,2.54,3.66,2.91,2.05,76.8,75.8,71.6,65.9,93.6,0,1,2,1,2,29,4.8,11,tidak_bekerja,26,5881083,4,tidak,0
G1A022052,3.12,3.33,3.24,2.44,3.93,3.39,3.35,3.67,83.1,62.1,69.6,66.4,99.9,0,1,0,2,0,30,16.7,19,tidak_bekerja,5,12214815,1,tidak,0
G1A022053,2.85,2.35,3.74,3.2,3.12,3.43,3.36,3.95,93.3,76.1,68.5,91.6,77.2,2,1,0,0,1,27,15.7,15,full_time,9,17342774,2,tidak,0
G1A022054,3.81,3.83,3.14,3.47,2.69,2.92,2.75,2.27,92.2,87.0,76.4,84.7,72.8,0,0,2,0,1,21,16.5,2,tidak_bekerja,1,16306756,5,tidak,0
G1A022055,2.22,2.84,2.06,4.0,3.16,3.84,3.88,2.46,94.7,78.0,88.2,61.8,96.3,2,1,2,1,1,43,14.5,13,tidak_bekerja,23,12271368,3,tidak,0
G1A022056,2.99,2.77,3.86,3.87,2.28,3.39,2.33,3.74,62.4,90.0,68.7,84.9,67.6,2,0,0,1,0,27,16.7,0,tidak_bekerja,37,8679124,6,tidak,0
G1A022057,2.02,3.04,3.38,3.29,2.89,3.46,3.0,3.85,87.7,74.3,74.7,72.4,84.6,0,0,1,1,1,12,4.0,9,tidak_bekerja,27,16740395,4,tidak,0
G1A022058,2.94,2.09,3.35,2.84,3.25,3.72,3.38,2.84,65.6,85.4,75.6,74.7,76.2,2,1,0,0,1,24,9.0,14,tidak_bekerja,27,19602995,4,tidak,0
G1A022059,2.11,2.33,2.43,3.27,2.98,2.55,3.39,2.1,76.6,67.5,99.1,90.8,61.6,0,1,1,2,1,43,13.8,6,tidak_bekerja,52,17108769,1,ya,0
G1A022060,2.24,3.48,3.32,3.57,2.8,3.61,3.3,2.08,81.9,90.0,98.2,92.4,73.9,0,2,2,2,1,50,12.7,3,paruh_waktu,44,15240329,5,tidak,0
G1A022061,2.24,2.17,2.79,2.24,3.99,2.39,2.55,3.15,76.1,81.8,92.0,76.0,70.6,1,1,1,1,2,45,14.3,13,tidak_bekerja,49,7548216,1,ya,0
G1A022062,3.3,3.21,3.3,2.82,3.76,2.69,2.31,2.79,80.8,68.2,69.7,97.9,87.4,0,2,2,2,1,6,4.5,23,tidak_bekerja,38,7235111,6,tidak,0
G1A022063,3.49,2.49,2.21,3.68,3.25,2.67,3.27,2.06,99.9,71.7,62.7,76.3,98.0,1,1,0,2,0,44,2.0,15,tidak_bekerja,1,12337879,2,tidak,0
G1A022064,3.17,2.78,3.32,2.77,3.14,3.96,3.2,3.17,65.4,89.9,72.7,90.9,70.7,2,1,0,1,1,5,18.3,13,tidak_bekerja,60,6065719,2,tidak,0
G1A022065,3.92,2.58,4.0,3.14,3.24,3.71,2.36,2.02,87.0,79.3,70.7,79.4,92.5,1,1,2,1,1,23,11.2,2,tidak_bekerja,45,3143781,2,tidak,0
G1A022066,2.75,2.71,2.1,3.18,2.4,3.4,3.41,3.57,75.8,68.6,80.2,95.9,62.2,2,1,2,0,2,18,3.1,16,paruh_waktu,4,12178487,4,tidak,0
G1A022067,2.57,3.44,3.95,2.37,2.79,3.45,2.91,2.61,65.3,98.7,91.1,96.3,81.5,0,2,2,0,1,18,15.9,20,full_time,49,5141042,5,ya,0
G1A022068,3.74,2.59,2.81,2.72,2.08,3.12,3.34,2.08,66.3,88.6,94.3,63.5,62.8,2,2,0,0,2,35,18.3,13,tidak_bekerja,10,2519546,1,tidak,0
G1A022069,2.45,3.13,3.74,2.67,2.95,3.89,3.67,3.18,98.0,98.3,93.8,97.5,97.4,2,1,0,0,0,50,3.4,17,tidak_bekerja,9,19832624,1,ya,0
G1A022070,3.93,2.95,3.56,2.05,3.09,2.99,2.34,2.8,95.2,77.1,74.4,93.0,90.7,0,1,1,2,2,8,16.3,2,paruh_waktu,42,19156449,6,tidak,1
G1A022071,2.02,3.33,3.13,2.05,2.46,2.76,2.04,3.95,96.3,79.0,87.5,91.7,86.3,2,2,2,2,1,47,18.7,21,tidak_bekerja,58,16656982,2,ya,1
G1A022072,3.94,3.87,3.48,3.66,3.93,2.33,3.56,3.09,99.7,95.9,72.5,68.0,93.0,0,0,1,0,0,58,18.8,18,tidak_bekerja,1,13489770,5,tidak,0
G1A022073,2.09,3.47,3.76,2.55,3.82,3.57,3.22,2.55,68.3,81.0,62.4,92.2,85.9,1,0,0,0,1,35,18.3,2,tidak_bekerja,14,4451345,5,tidak,0
G1A022074,3.78,2.43,2.81,3.04,3.44,3.47,3.4,3.42,74.2,88.3,88.1,94.0,98.8,0,0,1,1,2,37,10.9,11,paruh_waktu,38,2717222,6,tidak,0
G1A022075,3.06,2.06,2.65,2.6,3.07,2.77,3.68,2.54,86.8,70.1,60.4,71.6,88.6,0,2,1,2,0,39,7.1,21,tidak_bekerja,40,17977427,3,tidak,0
G1A022076,3.99,2.52,3.34,3.88,3.74,2.05,3.61,3.81,79.4,77.9,76.4,98.1,97.0,2,2,0,2,0,58,0.1,4,paruh_waktu,36,13638828,5,tidak,0
G1A022077,2.15,3.19,3.62,2.52,2.26,3.68,3.92,2.75,76.7,64.9,73.2,62.0,80.7,1,0,0,0,2,28,1.2,9,paruh_waktu,6,10061568,5,tidak,0
G1A022078,3.11,2.1,3.52,2.86,3.58,2.02,3.07,3.1,74.3,68.2,87.7,66.0,64.7,0,0,2,2,2,23,8.6,8,tidak_bekerja,19,3095383,1,tidak,1
G1A022079,3.94,2.99,3.6,3.75,2.25,3.41,2.98,2.1,83.8,60.0,90.6,81.5,81.1,1,1,1,1,0,47,8.0,0,paruh_waktu,33,11670977,6,tidak,0
G1A022080,3.05,3.19,2.87,3.68,3.59,3.94,2.8,2.85,83.0,61.6,72.2,83.0,65.1,1,2,0,1,0,4,3.7,12,paruh_waktu,34,18644697,5,tidak,0
G1A022081,3.26,2.67,3.64,2.37,2.55,2.88,2.31,3.66,66.5,99.1,92.5,85.8,83.7,2,2,0,2,2,52,7.9,2,tidak_bekerja,33,5396054,5,tidak,0
G1A022082,3.39,3.54,2.24,3.61,3.75,2.47,3.15,3.61,78.9,69.7,71.8,60.7,79.3,0,0,1,0,1,53,3.5,18,tidak_bekerja,52,19045646,1,tidak,0
G1A022083,2.91,2.21,3.09,2.92,3.89,3.41,2.55,2.45,82.1,86.5,77.9,98.4,84.9,2,0,0,2,0,41,17.0,10,tidak_bekerja,21,10135011,5,ya,1
G1A022084,3.26,2.15,2.01,2.97,2.3,3.63,3.84,2.45,82.8,93.6,89.1,61.8,60.4,0,2,2,1,2,54,6.0,15,tidak_bekerja,30,6578086,1,tidak,1
G1A022085,3.17,3.46,2.65,2.27,2.93,3.09,3.17,3.63,68.4,82.0,87.7,65.7,67.8,1,1,2,0,1,44,12.0,5,tidak_bekerja,22,13515877,3,tidak,1
G1A022086,3.8,2.99,2.73,2.16,3.96,3.93,3.19,3.86,89.7,66.1,99.5,60.6,79.7,0,0,1,2,0,25,10.1,23,tidak_bekerja,18,14781922,4,tidak,0
G1A022087,2.09,3.38,2.79,3.46,2.97,2.1,2.71,2.19,61.0,89.1,69.0,82.7,98.0,0,2,2,0,0,13,1.0,2,tidak_bekerja,3,16250633,1,tidak,0
G1A022088,2.56,2.87,3.39,2.99,3.73,3.01,2.1,2.9,74.2,84.0,86.5,97.3,75.3,1,2,0,0,2,38,18.8,18,paruh_waktu,23,10219892,1,tidak,0
G1A022089,3.9,2.49,2.78,2.87,3.18,3.44,2.06,2.67,91.2,89.3,84.4,86.6,77.0,1,1,0,1,1,28,10.5,5,tidak_bekerja,19,17506621,5,tidak,0
G1A022090,3.78,3.64,2.9,3.46,2.75,3.73,2.85,3.74,82.6,90.8,96.6,92.9,88.6,0,1,0,0,0,51,6.5,7,tidak_bekerja,38,11140380,1,tidak,0
G1A022091,2.91,3.6,2.48,3.53,2.57,2.36,2.17,2.17,70.4,99.0,66.3,60.5,84.2,2,0,0,2,1,5,3.2,21,tidak_bekerja,27,15160371,6,tidak,0
G1A022092,3.24,3.39,2.75,2.32,2.41,3.6,3.21,2.42,87.8,82.9,90.1,81.7,72.0,0,0,1,0,1,6,6.8,12,tidak_bekerja,53,12680810,2,tidak,0
G1A022093,2.55,2.54,2.45,3.22,3.52,3.11,3.76,3.5,82.7,73.7,82.7,78.4,76.4,1,0,2,0,0,36,0.4,11,tidak_bekerja,38,14626214,2,tidak,0
G1A022094,2.38,3.18,2.15,2.27,2.77,2.79,3.77,2.1,91.8,85.9,71.0,80.0,68.7,2,2,2,2,1,52,7.3,9,tidak_bekerja,16,9650353,3,ya,0
G1A022095,2.93,2.72,3.21,3.5,3.02,2.26,3.32,2.99,89.4,62.7,79.0,62.9,98.6,1,0,0,1,0,17,10.6,2,tidak_bekerja,18,6963523,1,tidak,0
G1A022096,2.71,2.18,3.34,3.31,2.98,3.73,2.42,2.88,84.4,95.9,73.4,87.4,65.2,1,2,1,1,1,22,17.4,3,paruh_waktu,53,8694852,6,tidak,0
G1A022097,3.17,3.83,3.24,3.91,3.15,2.31,3.73,2.67,79.5,64.8,83.2,80.1,74.9,2,0,0,2,0,43,13.7,0,paruh_waktu,47,19523875,5,ya,0
G1A022098,2.16,2.27,2.93,2.14,3.73,2.62,3.77,2.79,65.3,73.1,95.6,90.6,61.0,1,1,0,2,2,37,2.2,12,tidak_bekerja,34,5940952,5,ya,0
G1A022099,3.95,3.9,2.76,2.11,3.96,2.58,2.39,3.06,70.5,92.6,82.8,79.4,68.9,1,1,1,1,0,58,3.0,23,paruh_waktu,31,14689610,4,tidak,0
G1A022100,3.97,2.89,3.73,2.56,2.82,3.74,3.47,2.32,76.8,83.9,85.3,66.0,91.2,1,2,1,0,0,0,8.6,3,paruh_waktu,46,8046305,3,ya,0
